"","Name","High School","Position","Rating","College","NIL Valuation","Followers","Conference"
"1","Travis Hunter","CB /Collins HillSuwanee, GA","CB",99.56,"Colorado Buffaloes",2100000,2000000,"Pac-12"
"2","Kool-Aid McKinstry","CB /Pinson ValleyPinson, AL","CB",97.83,"Alabama Crimson Tide",896000,191000,"SEC"
"3","Terrion Arnold","CB /John Paul II CatholicTallahassee, FL","CB",96.57,"Alabama Crimson Tide",715000,290000,"SEC"
"4","Denzel Burke","CB /SaguaroScottsdale, AZ","CB",92.1,"Ohio State Buckeyes",662000,38000,"Big Ten"
"5","Kris Abrams-Draine","CB /Spanish FortSpanish Fort, AL","CB",89.33,"Missouri Tigers",613000,4900,"SEC"
"6","Cooper DeJean","CB /Battle Creek-Ida GroveIda Grove, IA","CB",90.36,"Iowa Hawkeyes",596000,62000,"Big Ten"
"7","T.J. Tampa","CB /LakewoodSaint Petersburg, FL","CB",84.03,"Iowa State Cyclones",589000,25000,"Big 12"
"8","Mike Sainristil","CB /EverettEverett, MA","CB",87.5,"Michigan Wolverines",572000,80000,"Big Ten"
"9","Cormani McClain","CB /LakelandLakeland, FL","CB",98.16,"Colorado Buffaloes",510000,165000,"Pac-12"
"10","Khyree Jackson","CB /Dr. Henry WiseUpper Marlboro, MD","CB",90.42,"Oregon Ducks",501000,51000,"Pac-12"
"11","DJ James","CB /Spanish FortSpanish Fort, AL","CB",87.2,"Auburn Tigers",492000,18600,"SEC"
"12","Kalen King","CB /Cass TechnicalDetroit, MI","CB",92.3,"Penn State Nittany Lions",445000,27000,"Big Ten"
"13","Quinyon Mitchell","CB /WillistonWilliston, FL","CB",82.08,"Toledo Rockets",421000,1000,"MAC"
"14","Dwight McGlothern","CB /Klein OakSpring, TX","CB",90.37,"Arkansas Razorbacks",419000,31000,"SEC"
"15","Christian Roland-Wallace","CB /William KnightPalmdale, CA","CB",84.7,"Usc Trojans",414000,2500,"Pac-12"
"16","Benjamin Morrison","CB /Brophy College PreparatoryPhoenix, AZ","CB",89.75,"Notre Dame Fighting Irish",413000,8700,"Independent"
"17","Dezz Ricks","CB /IMG AcademyChesapeake, VA","CB",97.69,"Alabama Crimson Tide",395000,31000,"SEC"
"18","Kamari Lassiter","CB /American Christian Tuscaloosa, AL","CB",91.29,"Georgia Bulldogs",361000,29000,"SEC"
"19","Sebastian Castro","CB /H L RichardsOak Lawn, IL","CB",86.13,"Iowa Hawkeyes",336000,2500,"Big Ten"
"20","Maxwell Hairston","CB /West BloomfieldWest Bloomfield, MI","CB",84.7,"Kentucky Wildcats",331000,17900,"SEC"
"21","Beanie Bishop","CB /Pleasure Ridge ParkLouisville, KY","CB",78.55,"West Virginia Mountaineers",317000,1700,"Big 12"
"22","Will Johnson","CB /Grosse Pointe SouthGrosse Pointe, MI","CB",97.83,"Michigan Wolverines",313000,62000,"Big Ten"
"23","Nate Wiggins","CB /WestlakeAtlanta, GA","CB",93.59,"Clemson Tigers",310000,21000,"ACC"
"24","Deantre Prince","CB /CharlestonCharleston, MS","CB",89.33,"Ole Miss Rebels",281000,16600,"SEC"
"25","Elijah Jones","CB /Cardinal HayesBronx, NY","CB",84.1,"Boston College Eagles",279000,918,"ACC"
"26","Malik Muhammad","CB /South Oak CliffDallas, TX","CB",96.22,"Texas Longhorns",256000,43000,"Big 12"
"27","Alijah Huzzie","CB /Heard CountyFranklin, GA","CB",50,"North Carolina Tar Heels",253000,1300,"ACC"
"28","Josh Newton","CB /Ouachita ParishMonroe, LA","CB",76.05,"Tcu Horned Frogs",249000,5000,"Big 12"
"29","Kamal Hadden","CB /River RougeRiver Rouge, MI","CB",86.04,"Auburn Tigers",244000,16600,"SEC"
"30","Terrance Brooks","CB /Little ElmLittle Elm, TX","CB",95.9,"Texas Longhorns",221000,40000,"Big 12"
"31","Jermaine Mathews","CB /Winton WoodsCincinnati, OH","CB",96.23,"Ohio State Buckeyes",212000,43000,"Big Ten"
"32","Quincy Riley","CB /A C FloraColumbia, SC","CB",83.5,"Louisville Cardinals",212000,7000,"ACC"
"33","Julian Humphrey","CB /Clear LakeHouston, TX","CB",94.9,"Georgia Bulldogs",212000,458000,"SEC"
"35","A.J. Harris","CB /CentralPhenix City, AL","CB",96.6,"Georgia Bulldogs",203000,18200,"SEC"
"36","Marcellas Dial","CB /WoodruffWoodruff, SC","CB",82.5,"South Carolina Gamecocks",202000,4300,"SEC"
"37","Ricardo Hallman","CB /TRU Prep AcademyMiami Gardens, FL","CB",86.5,"Wisconsin Badgers",199000,6500,"Big Ten"
"38","Chau Smith-Wade","CB /Simeon Vocational HSChicago, IL","CB",83.43,"Washington State Cougars",197000,999,"Pac-12"
"39","Kitan Crawford","CB /John TylerTyler, TX","CB",92.69,"Texas Longhorns",193000,6000,"Big 12"
"40","Gavin Holmes","CB /Archbishop RummelMetairie, LA","CB",82.87,"Texas Longhorns",192000,3200,"Big 12"
"41","Ennis Rakestraw","CB /DuncanvilleDuncanville, TX","CB",84.7,"Missouri Tigers",187000,24000,"SEC"
"42","Fentrell Cypress","CB /NorthwesternRock Hill, SC","CB",85.23,"Florida State Seminoles",182000,4200,"ACC"
"43","Ja'Keem Jackson","CB /OsceolaKissimmee, FL","CB",95.86,"Florida Gators",174000,15600,"SEC"
"44","Rodrick Pleasant","CB /Junipero SerraGardena, CA","CB",94.21,"Oregon Ducks",169000,26000,"Pac-12"
"45","Tacario Davis","CB /MillikanLong Beach, CA","CB",84.08,"Arizona Wildcats",166000,2800,"Pac-12"
"46","Javien Toviano","CB /MartinArlington, TX","CB",95.69,"Lsu Tigers",165000,27000,"SEC"
"47","Warren Roberson","CB /Red OakRed Oak, TX","CB",90.89,"Texas Longhorns",160000,2700,"Big 12"
"48","Bravion Rogers","CB /La GrangeLa Grange, TX","CB",94.27,"Texas A&M Aggies",160000,14800,"SEC"
"49","Jelani McDonald","CB /ConnallyWaco, TX","CB",95.03,"Texas Longhorns",160000,7200,"Big 12"
"50","Dorian Strong","CB /Dr. Henry WiseUpper Marlboro, MD","CB",82.23,"Virginia Tech Hokies",150000,2300,"ACC"
"51","Jayvon Thomas","CB /South Oak CliffDallas, TX","CB",93.44,"Texas A&M Aggies",147000,6800,"SEC"
"52","Warren Burrell","CB /North GwinnettSuwanee, GA","CB",87.77,"Tennessee Volunteers",141000,11400,"SEC"
"53","Christian Charles","CB /ChestateeGainesville, GA","CB",88.77,"Tennessee Volunteers",138000,4700,"SEC"
"54","Jabbar Muhammad","CB /DeSotoDeSoto, TX","CB",83.8,"Washington Huskies",137000,1600,"Pac-12"
"55","Calvin Simpson-Hunt","CB /WaxahachieWaxahachie, TX","CB",95.69,"Ohio State Buckeyes",134000,3400,"Big Ten"
"56","Kayin Lee","CB /Cedar GroveEllenwood, GA","CB",93.56,"Auburn Tigers",134000,22000,"SEC"
"57","Ceyair Wright","CB /LoyolaLos Angeles, CA","CB",94.95,"Usc Trojans",134000,68000,"Pac-12"
"58","Davison Igbinosun","CB /UnionUnion, NJ","CB",92.79,"Ohio State Buckeyes",132000,43000,"Big Ten"
"59","Dijon Johnson","CB /WhartonTampa, FL","CB",93.69,"Florida Gators",132000,19700,"SEC"
"60","D'Angelo Ponds","CB /Chaminade-Madonna PrepMiami, FL","CB",82.99,"James Madison Dukes",132000,2800,"Sun Belt"
"61","Jacobe Johnson","CB /MustangMustang, OK","CB",93.48,"Oklahoma Sooners",131000,12600,"Big 12"
"62","Aydan White","CB /Christ SchoolArden, NC","CB",85.97,"Nc State Wolfpack",131000,2500,"ACC"
"63","Jaylon Braxton","CB /Lone StarFrisco, TX","CB",93.44,"Arkansas Razorbacks",129000,19000,"SEC"
"65","Daylen Austin","CB /Long Beach PolyLong Beach, CA","CB",93.93,"Oregon Ducks",126000,24000,"Pac-12"
"66","Jordan Matthews","CB /WoodlawnBaton Rouge, LA","CB",93.28,"Tennessee Volunteers",126000,14700,"SEC"
"67","Domani Jackson","CB /Mater DeiSanta Ana, CA","CB",98.57,"Usc Trojans",124000,36000,"Pac-12"
"68","Earl Little Jr.","CB /American HeritageFort Lauderdale, FL","CB",94.78,"Alabama Crimson Tide",121000,30000,"SEC"
"69","Elliot Washington","CB /VeniceVenice, FL","CB",92.72,"Penn State Nittany Lions",118000,29000,"Big Ten"
"70","Myles Jones","CB /Magnolia WestMagnolia, TX","CB",89.03,"Duke Blue Devils",118000,128000,"ACC"
"71","Greedy Vance","CB /Edna KarrNew Orleans, LA","CB",87.13,"Florida State Seminoles",118000,19400,"ACC"
"72","Christian Gray","CB /DeSmetSaint Louis, MO","CB",93.82,"Notre Dame Fighting Irish",116000,6800,"Independent"
"73","Jordan Hancock","CB /North GwinnettSuwanee, GA","CB",95.58,"Ohio State Buckeyes",114000,24000,"Big Ten"
"74","Tony Grimes","CB /Princess AnneVirginia Beach, VA","CB",97.64,"Texas A&M Aggies",113000,30000,"SEC"
"75","Devonta Smith","CB /La SalleCincinnati, OH","CB",91.54,"Alabama Crimson Tide",113000,18900,"SEC"
"76","Jyaire Hill","CB /KankakeeKankakee, IL","CB",92.68,"Michigan Wolverines",113000,13000,"Big Ten"
"77","Jaydon Hill","CB /Bob Jones Madison, AL","CB",90.55,"Florida Gators",112000,25000,"SEC"
"78","Aaron Williams","CB /St. John BoscoCorona, CA","CB",92.19,"Louisville Cardinals",111000,25000,"ACC"
"79","Jason Marshall","CB /Miami PalmettoMiami, FL","CB",96.88,"Florida Gators",111000,23000,"SEC"
"80","Daniel Harris","CB /Gulliver PrepMiami, FL","CB",92.74,"Georgia Bulldogs",111000,9800,"SEC"
"81","Deuce Harmon","CB /GuyerDenton, TX","CB",92.53,"Texas A&M Aggies",111000,74000,"SEC"
"82","Renardo Green","CB /WekivaApopka, FL","CB",89,"Florida State Seminoles",110000,10000,"ACC"
"83","Kristian Story","CB /LanettLanett, AL","CB",91.75,"Alabama Crimson Tide",109000,14400,"SEC"
"84","Shyheim Brown","CB /ColumbiaLake City, FL","CB",84.67,"Florida State Seminoles",109000,8000,"ACC"
"85","Akeem Dent","CB /Palm Beach CentralWest Palm Beach, FL","CB",95.89,"Florida State Seminoles",108000,6200,"ACC"
"86","Keionte Scott","CB /HelixLa Mesa, CA","CB",92.62,"Auburn Tigers",108000,19300,"SEC"
"87","Robert Stafford","CB /Eau GallieMelbourne, FL","CB",92.88,"Miami Hurricanes",107000,8400,"ACC"
"88","J.D. Rhym","CB /ValdostaValdosta, GA","CB",92.81,"Auburn Tigers",106000,15300,"SEC"
"89","Devin Moore","CB /NaplesNaples, FL","CB",91.88,"Florida Gators",106000,16000,"SEC"
"90","Kevin Knowles II","CB /McArthurHollywood, FL","CB",88.21,"Florida State Seminoles",105000,4300,"ACC"
"91","Chris Peal","CB /Providence Day SchoolCharlotte, NC","CB",92.68,"Georgia Bulldogs",105000,3600,"SEC"
"92","Tyreek Chappell","CB /NortheastPhiladelphia, PA","CB",88.55,"Texas A&M Aggies",105000,13300,"SEC"
"93","Nehemiah Pritchett","CB /JacksonJackson, AL","CB",88.4,"Auburn Tigers",105000,13900,"SEC"
"94","Ra'Mello Dotson","CB /MainlandDaytona Beach, FL","CB",81.75,"Kansas Jayhawks",104000,6200,"Big 12"
"95","DeShawn Gaddie Jr.","CB /LamarArlington, TX","CB",82.6,"Ole Miss Rebels",103000,160000,"SEC"
"96","Jalen Kimber","CB /Mansfield TimberviewArlington, TX","CB",93.46,"Florida Gators",103000,12200,"SEC"
"97","Lance Robinson","CB /De La SalleNew Orleans, LA","CB",83.83,"Kansas State Wildcats",103000,8600,"Big 12"
"98","Sharif Denson","CB /Bartram TrailJacksonville, FL","CB",91.1,"Florida Gators",102000,19000,"SEC"
"99","Quinton Newsome","CB /North GwinnettSuwanee, GA","CB",87.67,"Nebraska Cornhuskers",100000,12200,"Big Ten"
"100","Daylen Everette","CB /IMG AcademyBradenton, FL","CB",96.92,"Georgia Bulldogs",99000,36000,"SEC"
"101","Harold Perkins","LB /Cy ParkCypress, TX","LB",98.41,"Lsu Tigers",558000,58000,"SEC"
"102","Anthony Hill","LB /RyanDenton, TX","LB",97.87,"Texas Longhorns",497000,40000,"Big 12"
"103","Edgerrin Cooper","LB /CovingtonCovington, LA","LB",92.38,"Texas A&M Aggies",495000,41000,"SEC"
"104","Justin Flowe","LB /UplandUpland, CA","LB",99.05,"Arizona Wildcats",445000,503000,"Pac-12"
"105","Payton Wilson","LB /OrangeHillsborough, NC","LB",94.94,"Nc State Wolfpack",435000,10800,"ACC"
"106","Jeremiah Trotter Jr.","LB /St. Joseph'sPhiladelphia, PA","LB",96.77,"Clemson Tigers",418000,15600,"ACC"
"107","Nathaniel Watson","LB /MaplesvilleMaplesville, AL","LB",86.27,"Mississippi State Bulldogs",402000,4700,"SEC"
"108","Abdul Carter","LB /La Salle CollegePhiladelphia, PA","LB",91.35,"Penn State Nittany Lions",401000,21000,"Big Ten"
"109","Cedric Gray","LB /Ardrey KellCharlotte, NC","LB",85.47,"North Carolina Tar Heels",379000,8400,"ACC"
"110","Francisco Mauigoa","LB /TafunaIliâ€™ili, AS","LB",82.83,"Miami Hurricanes",369000,3100,"ACC"
"111","Jett Johnson","LB /TupeloTupelo, MS","LB",84.37,"Mississippi State Bulldogs",365000,17500,"SEC"
"112","Deontae Lawson","LB /Mobile Christian SchoolMobile, AL","LB",96.08,"Alabama Crimson Tide",342000,26000,"SEC"
"113","Jaylan Ford","LB /Lone StarFrisco, TX","LB",83.17,"Texas Longhorns",335000,8800,"Big 12"
"114","Collin Oliver","LB /Santa FeEdmond, OK","LB",89.07,"Oklahoma State Cowboys",315000,5000,"Big 12"
"115","Tommy Eichenberg","LB /St IgnatiusCleveland, OH","LB",89.41,"Ohio State Buckeyes",305000,21000,"Big Ten"
"116","Danny Stutsman","LB /Foundation AcademyWinter Garden, FL","LB",89.46,"Oklahoma Sooners",299000,64000,"Big 12"
"117","Eugene Asante","LB /WestfieldChantilly, VA","LB",91.01,"Auburn Tigers",298000,19600,"SEC"
"118","Marlowe Wax","LB /Mount Saint JosephBaltimore, MD","LB",83.7,"Syracuse Orange",287000,8200,"ACC"
"119","Suntarine Perkins","LB /RaleighRaleigh, MS","LB",98.14,"Ole Miss Rebels",280000,17100,"SEC"
"120","Qua Russaw","LB /Carver Montgomery, AL","LB",97.32,"Alabama Crimson Tide",268000,13400,"SEC"
"121","Raylen Wilson","LB /LincolnTallahassee, FL","LB",97.26,"Georgia Bulldogs",249000,89000,"SEC"
"122","Tyrice Knight","LB /Lake GibsonLakeland, FL","LB",78.65,"Utep Miners",239000,1300,"C-USA"
"123","Barrett Carter","LB /North GwinnettSuwanee, GA","LB",96.97,"Clemson Tigers",235000,27000,"ACC"
"124","Curtis Jacobs","LB /McDonogh SchoolGlen Burnie, MD","LB",96.39,"Penn State Nittany Lions",220000,19000,"Big Ten"
"125","Smael Mondon","LB /Paulding CountyDallas, GA","LB",97.01,"Georgia Bulldogs",206000,24000,"SEC"
"126","Aaron Beasley","LB /Heard CountyFranklin, GA","LB",88.37,"Tennessee Volunteers",203000,15000,"SEC"
"127","C.J. Hicks","LB /Archbishop AlterDayton, OH","LB",98.14,"Ohio State Buckeyes",201000,161000,"Big Ten"
"128","Morice Blackwell","LB /MartinArlington, TX","LB",90.41,"Texas Longhorns",200000,18200,"Big 12"
"129","Jett Bush","LB /Strake JesuitHouston, TX","LB",77.55,"Texas Longhorns",195000,15600,"Big 12"
"130","Jay Higgins","LB /Brebeuf JesuitIndianapolis, IN","LB",81.6,"Iowa Hawkeyes",193000,6700,"Big Ten"
"131","Kalen DeLoach","LB /IslandsSavannah, GA","LB",91.02,"Florida State Seminoles",193000,16000,"ACC"
"132","David Gbenda","LB /Cinco RanchKaty, TX","LB",92.4,"Texas Longhorns",192000,2800,"Big 12"
"133","Jacob Manu","LB /ServiteAnaheim, CA","LB",85.85,"Arizona Wildcats",188000,989,"Pac-12"
"134","Derion Gullette","LB /TeagueMarlin, TX","LB",93.34,"Texas Longhorns",188000,14500,"Big 12"
"135","Maema Njongmeta","LB /Adlai StevensonLincolnshire, IL","LB",88.67,"Wisconsin Badgers",180000,4400,"Big Ten"
"136","Trevin Wallace","LB /Wayne CountyJesup, GA","LB",94.25,"Kentucky Wildcats",170000,3500,"SEC"
"137","Junior Colson","LB /RavenwoodBrentwood, TN","LB",94.49,"Michigan Wolverines",159000,40000,"Big Ten"
"138","CJ Allen","LB /Lamar County ComprehensiveBarnesville, GA","LB",94.91,"Georgia Bulldogs",156000,26000,"SEC"
"139","Kendrick Blackshire","LB /DuncanvilleDuncanville, TX","LB",91.95,"Alabama Crimson Tide",156000,71000,"SEC"
"140","Steele Chambers","LB /Blessed Trinity CatholicRoswell, GA","LB",91.58,"Ohio State Buckeyes",156000,12800,"Big Ten"
"141","Ty'Ron Hopper","LB /RoswellRoswell, GA","LB",94.91,"Missouri Tigers",154000,13600,"SEC"
"142","Troy Bowles","LB /JesuitTampa, FL","LB",94.55,"Georgia Bulldogs",149000,23000,"SEC"
"143","Tackett Curtis","LB /ManyMany, LA","LB",93.62,"Usc Trojans",148000,11100,"Pac-12"
"144","Tony Rojas","LB /FairfaxFairfax, VA","LB",94.45,"Penn State Nittany Lions",147000,19600,"Big Ten"
"145","Samuel Omosigho","LB /CrandallCrandall, TX","LB",95.31,"Oklahoma Sooners",145000,14800,"Big 12"
"146","Jamon Dumas-Johnson","LB /St. Frances AcademyBaltimore, MD","LB",91.17,"Georgia Bulldogs",144000,11400,"SEC"
"147","Elijah Herring","LB /RiverdaleMurfreesboro, TN","LB",86.47,"Tennessee Volunteers",138000,5800,"SEC"
"148","Kalib Perry","LB /Great CrossingGeorgetown, KY","LB",86.17,"Tennessee Volunteers",138000,3900,"SEC"
"149","TJ Capers","LB /ColumbusMiami, FL","LB",93.27,"Louisville Cardinals",137000,24000,"ACC"
"150","Brian Holloway","LB /Clear LakeHouston, TX","LB",50,"Texas State Bobcats",134000,603,"Sun Belt"
"151","Marist Liufau","LB /PunahouHonolulu, HI","LB",88.73,"Notre Dame Fighting Irish",134000,9900,"Independent"
"152","Drayk Bowen","LB /AndreanMerrillville, IN","LB",94.14,"Notre Dame Fighting Irish",132000,32000,"Independent"
"153","Arion Carter","LB /SmyrnaSmyrna, TN","LB",93.57,"Tennessee Volunteers",128000,5800,"SEC"
"154","Teradja Mitchell","LB /BaysideVirginia Beach, VA","LB",96.34,"Florida Gators",126000,48000,"SEC"
"155","Darius Muasau","LB /MililaniMililani, HI","LB",77.82,"Ucla Bruins",120000,2700,"Pac-12"
"156","Jihaad Campbell","LB /IMG AcademyBradenton, FL","LB",97.82,"Alabama Crimson Tide",117000,25000,"SEC"
"157","Malik Bryant","LB /JonesOrlando, FL","LB",92.14,"Miami Hurricanes",117000,43000,"ACC"
"158","Whit Weeks","LB /Oconee CountyWatkinsville, GA","LB",93.05,"Lsu Tigers",115000,4400,"SEC"
"159","Mason Cobb","LB /ProvoProvo, UT","LB",83.4,"Usc Trojans",114000,24000,"Pac-12"
"160","Power Echols","LB /Julius L. ChambersCharlotte, NC","LB",92.6,"North Carolina Tar Heels",114000,9500,"ACC"
"161","Derek Wingo","LB /St. Thomas AquinasFort Lauderdale, FL","LB",95.83,"Florida Gators",113000,29000,"SEC"
"162","Jamal Anderson","LB /Mill CreekHoschton, GA","LB",92.12,"Clemson Tigers",113000,13400,"ACC"
"163","Tatum Bethune","LB /Miami CentralMiami, FL","LB",82.53,"Florida State Seminoles",112000,10400,"ACC"
"164","Lewis Carter","LB /Tampa CatholicTampa, FL","LB",92.54,"Oklahoma Sooners",112000,14400,"Big 12"
"165","Jaren Kanak","LB /HaysHays, KS","LB",93.03,"Oklahoma Sooners",111000,193000,"Big 12"
"166","Cody Simon","LB /St. Peters PrepJersey City, NJ","LB",95.19,"Ohio State Buckeyes",111000,16100,"Big Ten"
"167","Jordan Hall","LB /IMG AcademyFredericksburg, VA","LB",92.17,"Michigan State Spartans",111000,13600,"Big Ten"
"168","Omar Graham Jr.","LB /StranahanFort Lauderdale, FL","LB",87.53,"Florida State Seminoles",110000,21000,"ACC"
"169","Trezmen Marshall","LB /Clinch CountyHomerville, GA","LB",93.12,"Alabama Crimson Tide",108000,12700,"SEC"
"170","Raul Aguirre","LB /WhitewaterFayetteville, GA","LB",92.12,"Miami Hurricanes",108000,23000,"ACC"
"171","Shemar James","LB /Faith AcademyMobile, AL","LB",95.78,"Florida Gators",108000,16600,"SEC"
"172","MJ Sherman","LB /St. John'sBaltimore, MD","LB",96.56,"Nebraska Cornhuskers",106000,22000,"Big Ten"
"173","Quandarrius Robinson","LB /Jackson-OlinBirmingham, AL","LB",94.82,"Alabama Crimson Tide",105000,10800,"SEC"
"174","Keon Wylie","LB /Imhotep InstitutePhiladelphia, PA","LB",88.05,"Penn State Nittany Lions",104000,20000,"Big Ten"
"175","Austin Keys","LB /SeminarySeminary, MS","LB",85.55,"Auburn Tigers",103000,17400,"SEC"
"176","Jalon Walker","LB /SalisburySalisbury, NC","LB",96.07,"Georgia Bulldogs",101000,23000,"SEC"
"177","Blake Nichelson","LB /MantecaRipon, CA","LB",92.49,"Florida State Seminoles",101000,16600,"ACC"
"178","Cam Riley","LB /HillcrestEvergreen, AL","LB",90.69,"Auburn Tigers",101000,9400,"SEC"
"180","Wesley Steiner","LB /Houston CountyWarner Robins, GA","LB",93.86,"Auburn Tigers",100000,8400,"SEC"
"181","Arvell Reese","LB /GlenvilleCleveland, OH","LB",92.26,"Ohio State Buckeyes",99000,6800,"Big Ten"
"182","Eric Gentry","LB /Neumann GorettiPhiladelphia, PA","LB",87.22,"Usc Trojans",97000,1800,"Pac-12"
"183","Luke Reimer","LB /North StarLincoln, NE","LB",50,"Nebraska Cornhuskers",96000,6900,"Big Ten"
"184","Chris Russell","LB /DyersburgDyersburg, TN","LB",85.3,"Texas A&M Aggies",96000,3300,"SEC"
"185","DJ Lundy","LB /Irwin CountyOcilla, GA","LB",84.7,"Florida State Seminoles",96000,4000,"ACC"
"186","Nick Henrich","LB /BurkeOmaha, NE","LB",93.37,"Nebraska Cornhuskers",96000,7500,"Big Ten"
"187","Xavian Sorey","LB /IMG AcademyBradenton, FL","LB",96.09,"Georgia Bulldogs",95000,13900,"SEC"
"188","Kobe King","LB /Cass TechnicalDetroit, MI","LB",88.1,"Penn State Nittany Lions",95000,10800,"Big Ten"
"189","Jaiden Ausberry","LB /University LabBaton Rouge, LA","LB",92.39,"Notre Dame Fighting Irish",94000,10700,"Independent"
"191","Grayson Howard","LB /Andrew JacksonJacksonville, FL","LB",92.3,"South Carolina Gamecocks",93000,14400,"SEC"
"192","Langston Patterson","LB /Christ Presbyterian AcademyNashville, TN","LB",87.78,"Vanderbilt Commodores",93000,2700,"SEC"
"193","Ta'Mere Robinson","LB /BrashearPittsburgh, PA","LB",91.19,"Penn State Nittany Lions",93000,14800,"Big Ten"
"194","Tyler Elsdon","LB /North SchuylkillFrackville, PA","LB",86.93,"Penn State Nittany Lions",91000,5400,"Big Ten"
"195","S'Maje Burrell","LB /North CrowleyFort Worth, TX","LB",90.17,"Texas Longhorns",89000,10300,"Big 12"
"196","Darris Smith","LB /Appling CountyBaxley, GA","LB",93.95,"Georgia Bulldogs",89000,7100,"SEC"
"197","Khari Coleman","LB /G.W. CarverNew Orleans, LA","LB",86.83,"Ole Miss Rebels",88000,11600,"SEC"
"198","Monty Montgomery","LB /NorcrossNorcross, GA","LB",81.1,"Ole Miss Rebels",88000,10700,"SEC"
"199","Larry Nixon III","LB /RichlandNorth Richland Hills, TX","LB",78,"Auburn Tigers",85000,1500,"SEC"
"200","Daymion Sanford","LB /PaetowKaty, TX","LB",89.85,"Texas A&M Aggies",85000,2900,"SEC"
"201","Byron Murphy II","DL /DeSotoDeSoto, TX","DL",89.53,"Texas Longhorns",610000,29000,"Big 12"
"202","T'Vondre Sweat","DL /HuntsvilleHuntsville, TX","DL",86.9,"Texas Longhorns",520000,21000,"Big 12"
"203","Walter Nolen","DL /PowellPowell, TN","DL",99.59,"Texas A&M Aggies",503000,34000,"SEC"
"204","Jer'Zhan Newton","DL /Clearwater Central CatholicClearwater, FL","DL",83.8,"Illinois Fighting Illini",502000,6500,"Big Ten"
"205","Howard Cross","DL /St. Joseph Regional Montvale, NJ","DL",90,"Notre Dame Fighting Irish",499000,4600,"Independent"
"206","Deone Walker","DL /Cass TechnicalDetroit, MI","DL",90.52,"Kentucky Wildcats",479000,11600,"SEC"
"207","DJ Hicks","DL /PaetowKaty, TX","DL",98.98,"Texas A&M Aggies",437000,24000,"SEC"
"208","Bear Alexander","DL /IMG AcademyDenton, TX","DL",96.33,"Usc Trojans",429000,43000,"Pac-12"
"209","Jared Ivey","DL /North GwinnettSuwanee, GA","DL",89.89,"Ole Miss Rebels",424000,5700,"SEC"
"211","Lee Hunter","DL /BlountEight Mile, AL","DL",94.34,"Ucf Knights",352000,15600,"Big 12"
"212","Brandon Dorlus","DL /Deerfield BeachDeerfield Beach, FL","DL",85.03,"Oregon Ducks",352000,10700,"Pac-12"
"213","T.J. Sanders","DL /MarionMarion, SC","DL",86.23,"South Carolina Gamecocks",338000,4400,"SEC"
"214","Peter Woods","DL /ThompsonAlabaster, AL","DL",97.65,"Clemson Tigers",328000,33000,"ACC"
"215","Tyleik Williams","DL /Unity ReedManassas, VA","DL",92.67,"Ohio State Buckeyes",323000,22000,"Big Ten"
"216","Rylie Mills","DL /Lake ForestLake Forest, IL","DL",91.44,"Notre Dame Fighting Irish",320000,8100,"Independent"
"217","Mike Hall","DL /StreetsboroStreetsboro, OH","DL",95.56,"Ohio State Buckeyes",291000,30000,"Big Ten"
"218","James Smith","DL /Carver Montgomery, AL","DL",97.38,"Alabama Crimson Tide",280000,9400,"SEC"
"219","Keith Randolph","DL /Belleville WestBelleville, IL","DL",87.13,"Illinois Fighting Illini",255000,8800,"Big Ten"
"220","Darius Alexander","DL /WayneFort Wayne, IN","DL",78.77,"Toledo Rockets",253000,310,"MAC"
"221","Jaylon Hutchings","DL /ForneyForney, TX","DL",80.15,"Texas Tech Red Raiders",249000,3500,"Big 12"
"222","Patrick Jenkins","DL /John EhretMarrero, LA","DL",91.76,"Tulane Green Wave",246000,3800,"American"
"223","Mason Graham","DL /ServiteAnaheim, CA","DL",90.19,"Michigan Wolverines",246000,5600,"Big Ten"
"224","Leonard Taylor","DL /Miami PalmettoMiami, FL","DL",98.68,"Miami Hurricanes",242000,29000,"ACC"
"226","Jordan Hall","DL /WestsideJacksonville, FL","DL",97.33,"Georgia Bulldogs",240000,17700,"SEC"
"228","Matayo Uiagalelei","DL /St. John BoscoBellflower, CA","DL",96.57,"Oregon Ducks",208000,42000,"Pac-12"
"229","Daevin Hobbs","DL /Jay M RobinsonConcord, NC","DL",96.17,"Tennessee Volunteers",208000,14100,"SEC"
"230","Nash Hutmacher","DL /ChamberlainChamberlain, SD","DL",86.87,"Nebraska Cornhuskers",193000,15900,"Big Ten"
"231","Kris Jenkins","DL /Our Lady Good Counsel HSOlney, MD","DL",88.07,"Michigan Wolverines",190000,11700,"Big Ten"
"232","Alfred Collins","DL /Cedar CreekBastrop, TX","DL",94.63,"Texas Longhorns",186000,10300,"Big 12"
"233","Vernon Broughton","DL /Cy RidgeHouston, TX","DL",93.51,"Texas Longhorns",184000,7300,"Big 12"
"234","Braden Fiske","DL /Michigan CityMichigan City, IN","DL",79.32,"Florida State Seminoles",182000,3100,"ACC"
"235","Dontay Corleone","DL /ColerainCincinnati, OH","DL",81.45,"Cincinnati Bearcats",177000,2900,"Big 12"
"236","Nathan Pickering","DL /SeminarySeminary, MS","DL",94.53,"Mississippi State Bulldogs",169000,17800,"SEC"
"237","James Thompson Jr.","DL /Roger BaconCincinnati, OH","DL",82.6,"Wisconsin Badgers",156000,1800,"Big Ten"
"238","Tyler Davis","DL /WekivaApopka, FL","DL",92.72,"Clemson Tigers",155000,11500,"ACC"
"239","McKinnley Jackson","DL /George CountyLucedale, MS","DL",94.57,"Texas A&M Aggies",154000,9300,"SEC"
"240","Jordan Renaud","DL /Tyler LegacyTyler, TX","DL",95.28,"Alabama Crimson Tide",152000,6200,"SEC"
"241","Mekhi Wingo","DL /DeSmetSaint Louis, MO","DL",87.13,"Lsu Tigers",148000,11700,"SEC"
"242","Sydir Mitchell","DL /Bergen CatholicOradell, NJ","DL",91.59,"Texas Longhorns",144000,14400,"Big 12"
"243","Omari Thomas","DL /Briarcrest ChristianMemphis, TN","DL",94.21,"Tennessee Volunteers",138000,38000,"SEC"
"244","DeWayne Carter","DL /Pickerington CentralPickerington, OH","DL",88.37,"Duke Blue Devils",137000,28000,"ACC"
"245","Vic Burley","DL /Warner RobinsWarner Robins, GA","DL",95.17,"Clemson Tigers",136000,13200,"ACC"
"246","Elijah Simmons","DL /Pearl-CohnNashville, TN","DL",87.47,"Tennessee Volunteers",136000,17900,"SEC"
"247","Hunter Osborne","DL /Hewitt-TrussvilleTrussville, AL","DL",92.51,"Alabama Crimson Tide",135000,28000,"SEC"
"248","Jason Moore","DL /DeMatha CatholicFort Washington, MD","DL",95.53,"Ohio State Buckeyes",132000,16000,"Big Ten"
"249","Kurott Garland","DL /HeritageConyers, GA","DL",83,"Tennessee Volunteers",130000,4100,"SEC"
"250","Keldric Faulk","DL /Highland HomeHighland Home, AL","DL",95.46,"Auburn Tigers",130000,12300,"SEC"
"251","Judge Culpepper","DL /PlantTampa, FL","DL",88.7,"Toledo Rockets",129000,2200,"MAC"
"252","Dominic Bailey","DL /St. Frances AcademyBaltimore, MD","DL",91,"Tennessee Volunteers",124000,5100,"SEC"
"253","Andrew Depaepe","DL /Pleasant ValleyBettendorf, IA","DL",93.71,"Michigan State Spartans",124000,9000,"Big Ten"
"254","Stephiylan Green","DL /RomeRome, GA","DL",93.99,"Clemson Tigers",123000,5200,"ACC"
"255","Edric Hill","DL /North Kansas CityKansas City, MO","DL",92.53,"Alabama Crimson Tide",121000,3500,"SEC"
"256","Enow Etta","DL /Covenant Christian AcademyColleyville, TX","DL",93.59,"Michigan Wolverines",120000,6900,"Big Ten"
"257","John Walker","DL /OsceolaKissimmee, FL","DL",94.2,"Ucf Knights",117000,9000,"Big 12"
"258","Desmond Watson","DL /ArmwoodSeffner, FL","DL",89.33,"Florida Gators",108000,36000,"SEC"
"259","Tony Bradford","DL /North ShoreHouston, TX","DL",82.97,"Texas Tech Red Raiders",107000,3800,"Big 12"
"260","Ty Hamilton","DL /Pickerington CentralPickerington, OH","DL",85.9,"Ohio State Buckeyes",107000,109000,"Big Ten"
"263","Joe Golden","DL /DohertyGreeley, CO","DL",50,"Oregon State Beavers",104000,1200,"Pac-12"
"264","Jamaal Jarrett","DL /GrimsleyGreensboro, NC","DL",92.39,"Georgia Bulldogs",103000,33000,"SEC"
"265","Will Norman","DL /EastsideCamden, NJ","DL",91.93,"Florida Gators",102000,39000,"SEC"
"266","Darrell Jackson","DL /Gadsden CountyHavana, FL","DL",85.93,"Florida State Seminoles",101000,7900,"ACC"
"267","Justin Eboigbe","DL /Forest ParkForest Park, GA","DL",94.93,"Alabama Crimson Tide",100000,17200,"SEC"
"268","Shemar Stewart","DL /Monsignor PaceOpa Locka, FL","DL",98.56,"Texas A&M Aggies",100000,32000,"SEC"
"269","Gilber Edmond","DL /Fort Pierce WestwoodFort Pierce, FL","DL",82.53,"Florida State Seminoles",100000,4500,"ACC"
"270","Dennis Briggs","DL /GatewayKissimmee, FL","DL",90.29,"Florida State Seminoles",99000,5400,"ACC"
"271","LT Overton","DL /MiltonAlpharetta, GA","DL",98.24,"Texas A&M Aggies",98000,23000,"SEC"
"272","Markis Deal","DL /Naaman ForestGarland, TX","DL",93.47,"Tcu Horned Frogs",97000,4300,"Big 12"
"273","Jaheim Oatis","DL /ColumbiaColumbia, MS","DL",94.97,"Alabama Crimson Tide",97000,13400,"SEC"
"274","Tim Smith","DL /Sebastian RiverSebastian, FL","DL",96.05,"Alabama Crimson Tide",97000,7600,"SEC"
"275","Damon Payne","DL /BellevilleBelleville, MI","DL",96.06,"Alabama Crimson Tide",97000,8000,"SEC"
"276","Jah-Marien Latham","DL /Pickens CountyReform, AL","DL",91.5,"Alabama Crimson Tide",96000,6600,"SEC"
"277","Chris McClellan","DL /OwassoOwasso, OK","DL",93.84,"Florida Gators",95000,14800,"SEC"
"278","Kyon Barrs","DL /Murrieta MesaMurrieta, CA","DL",50,"Usc Trojans",95000,6400,"Pac-12"
"279","Tyreak Sapp","DL /St. Thomas AquinasFort Lauderdale, FL","DL",93.39,"Florida Gators",95000,9200,"SEC"
"280","Jack Sullivan","DL /Plainfield EastPlainfield, IL","DL",82.87,"Usc Trojans",94000,1700,"Pac-12"
"281","Justin Rogers","DL /Oak ParkOak Park, MI","DL",96.05,"Auburn Tigers",93000,14300,"SEC"
"282","Albert Regis","DL /La PorteLa Porte, TX","DL",88.63,"Texas A&M Aggies",93000,50000,"SEC"
"283","Caleb Banks","DL /SouthfieldSouthfield, MI","DL",84.1,"Florida Gators",93000,5100,"SEC"
"284","Nazir Stackhouse","DL /ColumbiaDecatur, GA","DL",90.78,"Georgia Bulldogs",92000,77000,"SEC"
"285","Isaiah Raikes","DL /St. Augustine PrepRichland, NJ","DL",89.02,"Texas A&M Aggies",92000,18700,"SEC"
"286","Jayson Jones","DL /CaleraCalera, AL","DL",89.7,"Auburn Tigers",91000,10200,"SEC"
"288","Darron Reed","DL /CarverColumbus, GA","DL",92.44,"Auburn Tigers",91000,4900,"SEC"
"289","Warren Brinson","DL /IMG AcademyBradenton, FL","DL",90.3,"Georgia Bulldogs",91000,26000,"SEC"
"290","Ty Robinson","DL /HigleyGilbert, AZ","DL",92.61,"Nebraska Cornhuskers",91000,10600,"Big Ten"
"291","Stanley Ta'ufo'ou","DL /Grace BrethrenSimi Valley, CA","DL",86.2,"Usc Trojans",91000,439,"Pac-12"
"292","Brenan Vernon","DL /MentorMentor, OH","DL",92.44,"Notre Dame Fighting Irish",90000,2800,"Independent"
"293","Ru'Quan Buckley","DL /Godwin Heights SeniorWyoming, MI","DL",87.73,"Nebraska Cornhuskers",89000,5600,"Big Ten"
"294","Mosiah Nasili-Kite","DL /Emerald RidgePuyallup, WA","DL",84.03,"Auburn Tigers",88000,788,"SEC"
"295","Jadon Scarlett","DL /ArgyleFlower Mound, TX","DL",89.61,"Texas A&M Aggies",88000,3800,"SEC"
"296","Zion Logue","DL /LebanonLebanon, TN","DL",89.4,"Georgia Bulldogs",88000,19200,"SEC"
"297","Aaron Bryant","DL /SouthavenSouthaven, MS","DL",90.08,"Texas Longhorns",88000,2400,"Big 12"
"298","Tyrion Ingram-Dawkins","DL /GaffneyGaffney, SC","DL",93.96,"Georgia Bulldogs",86000,17600,"SEC"
"299","Zane Durant","DL /Lake NonaOrlando, FL","DL",90.05,"Penn State Nittany Lions",85000,8000,"Big Ten"
"301","Laiatu Latu","EDGE /JesuitCarmichael, CA","EDGE",93.63,"Ucla Bruins",730000,6000,"Pac-12"
"302","Chris Braswell","EDGE /St. Frances AcademyBaltimore, MD","EDGE",98.09,"Alabama Crimson Tide",704000,17700,"SEC"
"303","Jonah Elliss","EDGE /Moscow SeniorMoscow, ID","EDGE",83.53,"Utah Utes",695000,1800,"Pac-12"
"304","Dallas Turner","EDGE /St. Thomas AquinasFort Lauderdale, FL","EDGE",98.61,"Alabama Crimson Tide",682000,48000,"SEC"
"305","Kaimon Rucker","EDGE /Hart CountyHartwell, GA","EDGE",83.7,"North Carolina Tar Heels",677000,6600,"ACC"
"306","Jared Verse","EDGE /Central ColumbiaBloomsburg, PA","EDGE",50,"Florida State Seminoles",653000,78000,"ACC"
"307","James Pearce","EDGE /Julius L. ChambersCharlotte, NC","EDGE",93.46,"Tennessee Volunteers",629000,9000,"SEC"
"308","Jalen Green","EDGE /Good CounselOlney, MD","EDGE",50,"James Madison Dukes",624000,2300,"Sun Belt"
"309","Ashton Gillotte","EDGE /Boca RatonBoca Raton, FL","EDGE",83.28,"Louisville Cardinals",492000,4100,"ACC"
"310","Ahmed Hassanein","EDGE /LoaraAnaheim, CA","EDGE",82.87,"Boise State Broncos",484000,7700,"Mountain West"
"311","Princely Umanmielen","EDGE /ManorManor, TX","EDGE",90.72,"Florida Gators",464000,30000,"SEC"
"312","Keon Keeley","EDGE /Berkeley PrepTampa, FL","EDGE",99.35,"Alabama Crimson Tide",454000,25000,"SEC"
"313","Antwaun Powell-Ryland Jr.","EDGE /Indian RiverPortsmouth, VA","EDGE",91.71,"Virginia Tech Hokies",443000,8300,"ACC"
"315","Kydran Jenkins","EDGE /Jefferson CountyLouisville, GA","EDGE",84.03,"Purdue Boilermakers",397000,0,"Big Ten"
"316","Adepoju Adebawore","EDGE /North Kansas CityKansas City, MO","EDGE",98.81,"Oklahoma Sooners",378000,10500,"Big 12"
"318","Solomon Byrd","EDGE /William KnightPalmdale, CA","EDGE",77.32,"Usc Trojans",359000,2700,"Pac-12"
"319","Gabriel Murphy","EDGE /Bishop LynchDallas, TX","EDGE",82.57,"Ucla Bruins",319000,2900,"Pac-12"
"320","Damon Wilson","EDGE /VeniceVenice, FL","EDGE",97.59,"Georgia Bulldogs",318000,22000,"SEC"
"321","J.T. Tuimoloau","EDGE /Eastside CatholicSammamish, WA","EDGE",99.06,"Ohio State Buckeyes",312000,60000,"Big Ten"
"322","Jasheen Davis","EDGE /ShilohSnellville, GA","EDGE",88.13,"Wake Forest Demon Deacons",303000,2200,"ACC"
"323","Grayson Murphy","EDGE /Bishop LynchDallas, TX","EDGE",82.9,"Ucla Bruins",280000,2400,"Pac-12"
"324","Shemar Turner","EDGE /DeSotoDeSoto, TX","EDGE",97.94,"Texas A&M Aggies",275000,17200,"SEC"
"325","Bralen Trice","EDGE /Sandra Day O'connorGlendale, AZ","EDGE",88.4,"Washington Huskies",266000,4600,"Pac-12"
"327","Chop Robinson","EDGE /Quince OrchardGaithersburg, MD","EDGE",95.55,"Penn State Nittany Lions",242000,23000,"Big Ten"
"328","Rueben Bain","EDGE /Miami CentralMiami, FL","EDGE",95.7,"Miami Hurricanes",239000,24000,"ACC"
"329","Adisa Isaac","EDGE /CanarsieBrooklyn, NY","EDGE",93.53,"Penn State Nittany Lions",237000,5100,"Big Ten"
"330","Mykel Williams","EDGE /HardawayColumbus, GA","EDGE",98.57,"Georgia Bulldogs",227000,37000,"SEC"
"331","Yhonzae Pierre","EDGE /Eufaula Eufaula, AL","EDGE",97.33,"Alabama Crimson Tide",217000,3700,"SEC"
"332","Justice Finkley","EDGE /Hewitt-TrussvilleTrussville, AL","EDGE",93.69,"Texas Longhorns",210000,55000,"Big 12"
"333","Colton Vasek","EDGE /WestlakeAustin, TX","EDGE",94.31,"Texas Longhorns",209000,26000,"Big 12"
"334","Kelby Collins","EDGE /GardendaleGardendale, AL","EDGE",96.43,"Florida Gators",202000,27000,"SEC"
"335","Samuel M'Pemba","EDGE /IMG AcademySaint Louis, MO","EDGE",96.44,"Georgia Bulldogs",197000,26000,"SEC"
"336","Davin Vann","EDGE /CaryCary, NC","EDGE",90.86,"Nc State Wolfpack",197000,2200,"ACC"
"337","Johnny Walker","EDGE /ChamberlainTampa, FL","EDGE",83.13,"Missouri Tigers",195000,3000,"SEC"
"338","J'mond Tapp","EDGE /Ascension CatholicDonaldsonville, LA","EDGE",93.56,"Texas Longhorns",194000,6700,"Big 12"
"339","Ethan Burke","EDGE /WestlakeAustin, TX","EDGE",89.76,"Texas Longhorns",193000,5800,"Big 12"
"340","Dashawn Womack","EDGE /St. Frances AcademyBaltimore, MD","EDGE",96.47,"Lsu Tigers",187000,13600,"SEC"
"341","Barryn Sorrell","EDGE /Holy CrossNew Orleans, LA","EDGE",86.8,"Texas Longhorns",179000,4100,"Big 12"
"342","Tomarrion Parker","EDGE /CentralPhenix City, AL","EDGE",96.02,"Clemson Tigers",170000,12100,"ACC"
"343","Ron Stone Jr.","EDGE /Valley ChristianSan Jose, CA","EDGE",50,"Washington State Cougars",166000,4900,"Pac-12"
"344","Darius Robinson","EDGE /CantonCanton, MI","EDGE",87.1,"Missouri Tigers",155000,2900,"SEC"
"345","Gabe Harris","EDGE /IMG AcademyValdosta, GA","EDGE",95.42,"Georgia Bulldogs",154000,21000,"SEC"
"346","Jaylen Harrell","EDGE /Berkeley PrepTampa, FL","EDGE",89.94,"Michigan Wolverines",149000,12300,"Big Ten"
"347","Bai Jobe","EDGE /Community Christian SchoolNorman, OK","EDGE",95.41,"Michigan State Spartans",149000,11200,"Big Ten"
"348","Tausili Akana","EDGE /SkyridgeKahuku, HI","EDGE",93.5,"Texas Longhorns",147000,12000,"Big 12"
"349","Jayden Wayne","EDGE /IMG AcademyTacoma, WA","EDGE",94.61,"Miami Hurricanes",143000,29000,"ACC"
"350","Roman Harrison","EDGE /BainbridgeBainbridge, GA","EDGE",89.92,"Tennessee Volunteers",143000,18100,"SEC"
"351","Landon Jackson","EDGE /Pleasant GroveTexarkana, TX","EDGE",92.24,"Arkansas Razorbacks",143000,27000,"SEC"
"352","Caleb Herring","EDGE /RiverdaleMurfreesboro, TN","EDGE",94.47,"Tennessee Volunteers",143000,9600,"SEC"
"353","Joshua Josephs","EDGE /North CobbKennesaw, GA","EDGE",91.7,"Tennessee Volunteers",139000,7300,"SEC"
"354","Braylan Shelby","EDGE /FriendswoodFriendswood, TX","EDGE",95.45,"Usc Trojans",137000,6800,"Pac-12"
"355","Jaxon Howard","EDGE /Robbinsdale CooperMinneapolis, MN","EDGE",93.63,"Lsu Tigers",134000,20000,"SEC"
"356","Jack Sawyer","EDGE /Pickerington NorthPickerington, OH","EDGE",99.1,"Ohio State Buckeyes",134000,51000,"Big Ten"
"357","Chandavian Bradley","EDGE /Platte CountyPlatte City, MO","EDGE",93.29,"Tennessee Volunteers",127000,25000,"SEC"
"358","Bryson Eason","EDGE /WhitehavenMemphis, TN","EDGE",89.73,"Tennessee Volunteers",127000,2100,"SEC"
"359","Joshua Mickens","EDGE /Lawrence CentralIndianapolis, IN","EDGE",94.16,"Ohio State Buckeyes",124000,6500,"Big Ten"
"360","Khalid Duke","EDGE /Riverside Military AcademyGainesville, GA","EDGE",82.8,"Kansas State Wildcats",123000,2100,"Big 12"
"361","Chief Borders","EDGE /Heard CountyChicago, IL","EDGE",89.53,"Nebraska Cornhuskers",123000,61000,"Big Ten"
"362","Jeremiah Alexander","EDGE /ThompsonAlabaster, AL","EDGE",98.07,"Alabama Crimson Tide",122000,29000,"SEC"
"363","Brian Ugwu","EDGE /HillsideHillside, NJ","EDGE",83,"Miami (Oh) Redhawks",122000,99000,"MAC"
"364","Kamran James","EDGE /OlympiaOrlando, FL","EDGE",93.19,"Florida Gators",119000,17500,"SEC"
"365","Dasan McCullough","EDGE /Bloomington SouthBloomington, IN","EDGE",94.5,"Oklahoma Sooners",119000,80000,"Big 12"
"366","Nic Scourton","EDGE /BryanBryan, TX","EDGE",90.26,"Purdue Boilermakers",117000,7000,"Big Ten"
"367","Caden Curry","EDGE /Center GroveGreenwood, IN","EDGE",93.6,"Ohio State Buckeyes",115000,20000,"Big Ten"
"368","Patrick Payton","EDGE /NorthwesternMiami, FL","EDGE",91.52,"Florida State Seminoles",114000,15300,"ACC"
"369","Collins Acheampong","EDGE /Santa Margarita CatholicRancho Santa Margarita, CA","EDGE",92.94,"Miami Hurricanes",114000,13700,"ACC"
"370","Elijah Roberts","EDGE /ColumbusMiami, FL","EDGE",89.67,"Smu Mustangs",114000,4400,"American"
"372","Desmond Umeozulu","EDGE /Charles Herbert FlowersUpper Marlboro, MD","EDGE",93.05,"South Carolina Gamecocks",108000,12300,"SEC"
"373","Kenyatta Jackson Jr.","EDGE /Chaminade-Madonna PrepHollywood, FL","EDGE",96.3,"Ohio State Buckeyes",107000,12100,"Big Ten"
"374","Byron Turner Jr.","EDGE /St. AugustineNew Orleans, LA","EDGE",89.33,"Florida State Seminoles",106000,4000,"ACC"
"375","Anthony Lucas","EDGE /ChaparralScottsdale, AZ","EDGE",96.35,"Usc Trojans",104000,16400,"Pac-12"
"376","Marvin Jones Jr.","EDGE /American HeritageFort Lauderdale, FL","EDGE",97.5,"Georgia Bulldogs",104000,33000,"SEC"
"377","Jack Pyburn","EDGE /The Bolles SchoolJacksonville, FL","EDGE",87.55,"Florida Gators",104000,10800,"SEC"
"378","Fadil Diggs","EDGE /Woodrow WilsonCamden, NJ","EDGE",92.48,"Texas A&M Aggies",101000,10600,"SEC"
"379","Jamil Muhammad","EDGE /James ClemensMadison, AL","EDGE",84.63,"Usc Trojans",100000,5900,"Pac-12"
"380","Elijah McAllister","EDGE /Rumson-Fair HavenRumson, NJ","EDGE",86.73,"Auburn Tigers",100000,9500,"SEC"
"381","Jalen McLeod","EDGE /Friendship Collegiate AcademyWashington, DC","EDGE",80.15,"Auburn Tigers",99000,7500,"SEC"
"382","Romello Height","EDGE /DublinDublin, GA","EDGE",89.67,"Usc Trojans",98000,4400,"Pac-12"
"383","Xavier Thomas","EDGE /IMG AcademyBradenton, FL","EDGE",99.33,"Clemson Tigers",98000,165000,"ACC"
"384","Blaise Gunnerson","EDGE /Kuemper Catholic School SystemCarroll, IA","EDGE",88.13,"Nebraska Cornhuskers",98000,10200,"Big Ten"
"385","Dani Dennis-Sutton","EDGE /McDonogh SchoolMillsboro, DE","EDGE",97.56,"Penn State Nittany Lions",97000,17200,"Big Ten"
"386","T.J. Searcy","EDGE /Upson-LeeThomaston, GA","EDGE",91.34,"Florida Gators",97000,6100,"SEC"
"387","Chaz Chambliss","EDGE /CarrolltonCarrollton, GA","EDGE",89.52,"Georgia Bulldogs",94000,12600,"SEC"
"388","Adonijah Green","EDGE /Cedar GroveEllenwood, GA","EDGE",92.24,"Louisville Cardinals",92000,3900,"ACC"
"389","Bradyn Swinson","EDGE /Chapel HillDouglasville, GA","EDGE",88.07,"Lsu Tigers",91000,18600,"SEC"
"390","Coziah Izzard","EDGE /DeMatha CatholicLaurel, MD","EDGE",90.63,"Penn State Nittany Lions",89000,3400,"Big Ten"
"391","Jakivuan Brown","EDGE /Horn LakeHorn Lake, MS","EDGE",90.7,"Ole Miss Rebels",84000,6400,"SEC"
"392","Ashton Porter","EDGE /Cy RanchCypress, TX","EDGE",91.42,"Oregon Ducks",82000,10700,"Pac-12"
"393","Princewill Umanmielen","EDGE /ManorManor, TX","EDGE",91.5,"Nebraska Cornhuskers",82000,5200,"Big Ten"
"394","Cedric Johnson","EDGE /WP DavidsonMobile, AL","EDGE",84.67,"Ole Miss Rebels",82000,3900,"SEC"
"395","Ovie Oghoufo","EDGE /HarrisonFarmington, MI","EDGE",87.77,"Lsu Tigers",82000,8900,"SEC"
"396","David Ojiegbe","EDGE /St. John'sWashington, DC","EDGE",90.69,"Clemson Tigers",80000,12800,"ACC"
"397","Saivion Jones","EDGE /St. JamesSaint James, LA","EDGE",93.71,"Lsu Tigers",80000,6300,"SEC"
"398","Ethan Downs","EDGE /WeatherfordWeatherford, OK","EDGE",91.61,"Oklahoma Sooners",77000,25000,"Big 12"
"399","Kelvin Gilliam","EDGE /Highland SpringsHighland Springs, VA","EDGE",94.27,"Oklahoma Sooners",75000,17800,"Big 12"
"400","Trace Ford","EDGE /Santa FeEdmond, OK","EDGE",89.37,"Oklahoma Sooners",73000,19300,"Big 12"
"401","Tate Ratledge","IOL /Darlington SchoolRome, GA","IOL",96.25,"Georgia Bulldogs",504000,33000,"SEC"
"402","Matthew Jones","IOL /Erasmus HallBrooklyn, NY","IOL",94.86,"Ohio State Buckeyes",484000,8400,"Big Ten"
"403","Jackson Powers-Johnson","IOL /Corner CanyonDraper, UT","IOL",91.73,"Oregon Ducks",481000,32000,"Pac-12"
"404","Tyler Booker","IOL /IMG AcademyBradenton, FL","IOL",97.02,"Alabama Crimson Tide",448000,30000,"SEC"
"405","Zak Zinter","IOL /Buckingham Browne & Nichols SchoolNorth Andover, MA","IOL",90.13,"Michigan Wolverines",441000,41000,"Big Ten"
"407","Clay Webb","IOL /OxfordOxford, AL","IOL",97.64,"Jacksonville State Gamecocks",361000,3300,"C-USA"
"408","Steven Jones","IOL /ChaparralTemecula, CA","IOL",90.77,"Oregon Ducks",330000,6800,"Pac-12"
"409","Drake Nugent","IOL /Highlands RanchLittleton, CO","IOL",84.3,"Michigan Wolverines",324000,3600,"Big Ten"
"410","Matt Lee","IOL /Hagerty Oviedo, FL","IOL",80.75,"Miami Hurricanes",315000,5900,"ACC"
"411","Cooper Beebe","IOL /PiperKansas City, KS","IOL",82.65,"Kansas State Wildcats",275000,3800,"Big 12"
"412","Marcus Harper","IOL /Homewood-FlossmoorChicago, IL","IOL",85.93,"Oregon Ducks",259000,15500,"Pac-12"
"413","Jake Majors","IOL /ProsperProsper, TX","IOL",90.64,"Texas Longhorns",254000,9500,"Big 12"
"414","Zach Frazier","IOL /FairmontFairmont, WV","IOL",87.2,"West Virginia Mountaineers",249000,7100,"Big 12"
"415","Kobe Baynes","IOL /SandalwoodJacksonville, FL","IOL",84.37,"Kansas Jayhawks",246000,4300,"Big 12"
"416","Miles Frazier","IOL /Milford AcademyCamden, NJ","IOL",81.33,"Lsu Tigers",229000,8000,"SEC"
"417","Justin Dedich","IOL /ChaparralTemecula, CA","IOL",93.92,"Usc Trojans",207000,4700,"Pac-12"
"418","Joe Michalski","IOL /St. Thomas AquinasOverland Park, KS","IOL",82.83,"Oklahoma State Cowboys",205000,1600,"Big 12"
"419","Gunner Britton","IOL /ConwayConway, SC","IOL",77.27,"Auburn Tigers",197000,3800,"SEC"
"420","Vinny Sciury","IOL /PerryMassillon, OH","IOL",79.81,"Toledo Rockets",194000,0,"MAC"
"421","Branson Hickman","IOL /JesuitDallas, TX","IOL",80.63,"Smu Mustangs",193000,2000,"American"
"422","Chase Bisontis","IOL /Don Bosco PrepRamsey, NJ","IOL",96.4,"Texas A&M Aggies",193000,24000,"SEC"
"423","DJ Campbell","IOL /BowieArlington, TX","IOL",98.26,"Texas Longhorns",191000,21000,"Big 12"
"424","Kyle Hergel","IOL /Clarkson Football NorthToronto, ON","IOL",50,"Boston College Eagles",189000,3200,"ACC"
"425","Connor Robertson","IOL /WestlakeAustin, TX","IOL",88.67,"Texas Longhorns",185000,8000,"Big 12"
"426","Neto Umeozulu","IOL /AllenAllen, TX","IOL",95,"Texas Longhorns",184000,6600,"Big 12"
"427","Cole Hutson","IOL /FriscoFrisco, TX","IOL",88.98,"Texas Longhorns",184000,6300,"Big 12"
"428","J'ven Williams","IOL /WyomissingReading, PA","IOL",96.45,"Penn State Nittany Lions",177000,9600,"Big Ten"
"429","Dylan Fairchild","IOL /West ForsythCumming, GA","IOL",93.92,"Georgia Bulldogs",175000,6100,"SEC"
"430","Bucky Williams","IOL /RinggoldRinggold, GA","IOL",50,"Appalachian State Mountaineers",151000,1600,"Sun Belt"
"431","Garrett Curran","IOL /Granite HillsEl Cajon, CA","IOL",82.38,"Boise State Broncos",149000,1500,"Mountain West"
"432","Alex Birchmeier","IOL /Broad RunAshburn, VA","IOL",95.83,"Penn State Nittany Lions",146000,10900,"Big Ten"
"433","Cooper Mays","IOL /Knoxville CatholicKnoxville, TN","IOL",90.18,"Tennessee Volunteers",146000,43000,"SEC"
"434","Jaydon Chatman","IOL /Harker HeightsHarker Heights, TX","IOL",91.87,"Texas Longhorns",144000,3500,"Big 12"
"435","Andrew Raym","IOL /Broken ArrowBroken Arrow, OK","IOL",94.03,"Oklahoma Sooners",141000,15300,"Big 12"
"436","Addison Nichols","IOL /Greater Atlanta Christian SchoolNorcross, GA","IOL",92.62,"Tennessee Volunteers",135000,14400,"SEC"
"437","Parker Brailsford","IOL /SaguaroScottsdale, AZ","IOL",88.25,"Washington Huskies",133000,2200,"Pac-12"
"438","Javontez Spraggins","IOL /East St. LouisEast Saint Louis, IL","IOL",87.5,"Tennessee Volunteers",132000,10600,"SEC"
"439","Jackson Lampley","IOL /Montgomery Bell AcademyNashville, TN","IOL",91.01,"Tennessee Volunteers",132000,8800,"SEC"
"440","Roderick Kearney","IOL /Orange ParkOrange Park, FL","IOL",93.61,"Florida Gators",125000,86000,"SEC"
"441","Miles McVay","IOL /East St. LouisEast Saint Louis, IL","IOL",92.5,"Alabama Crimson Tide",124000,12600,"SEC"
"442","T.J. Shanahan","IOL /WestlakeOrlando, FL","IOL",92.62,"Texas A&M Aggies",123000,18600,"SEC"
"443","Christian Mahogany","IOL /Paramus CatholicParamus, NJ","IOL",82.17,"Boston College Eagles",123000,14100,"ACC"
"444","Justin Osborne","IOL /IMG AcademyFlower Mound, TX","IOL",88.4,"Smu Mustangs",120000,464,"American"
"445","DJ Chester","IOL /Eagle's Landing ChristianConyers, GA","IOL",93.48,"Lsu Tigers",117000,3100,"SEC"
"446","Harris Sewell","IOL /PermianOdessa, TX","IOL",92.96,"Clemson Tigers",114000,8600,"ACC"
"447","Spencer Fano","IOL /TimpviewProvo, UT","IOL",94.86,"Utah Utes",112000,7100,"Pac-12"
"448","Keiondre Jones","IOL /CallawayHogansville, GA","IOL",92.21,"Florida State Seminoles",109000,74000,"ACC"
"449","Marcus Tate","IOL /TRU Prep AcademyMiami Gardens, FL","IOL",93,"Clemson Tigers",107000,8200,"ACC"
"450","Marcellus Marshall","IOL /MorgantownMorgantown, WV","IOL",80.15,"Ucf Knights",106000,1200,"Big 12"
"451","Maurice Smith","IOL /Miami CentralMiami, FL","IOL",84.6,"Florida State Seminoles",102000,9700,"ACC"
"452","Donovan Jackson","IOL /EpiscopalBellaire, TX","IOL",97.92,"Ohio State Buckeyes",102000,21000,"Big Ten"
"453","Casey Roddick","IOL /St. BonaventureVentura, CA","IOL",84.75,"Florida State Seminoles",102000,8500,"ACC"
"454","Caleb Lomu","IOL /HighlandGilbert, AZ","IOL",94.03,"Utah Utes",101000,3900,"Pac-12"
"455","Jaylen Early","IOL /DuncanvilleDuncanville, TX","IOL",89.39,"Florida State Seminoles",101000,7000,"ACC"
"456","Seth McLaughlin","IOL /BufordBuford, GA","IOL",88.53,"Alabama Crimson Tide",98000,9900,"SEC"
"457","Carson Hinzman","IOL /Saint Croix CentralHammond, WI","IOL",92.59,"Ohio State Buckeyes",97000,32000,"Big Ten"
"458","Terrence Ferguson","IOL /Peach CountyFort Valley, GA","IOL",95.38,"Alabama Crimson Tide",97000,8500,"SEC"
"459","James Brockermeyer","IOL /All Saints EpiscopalFort Worth, TX","IOL",91.28,"Alabama Crimson Tide",97000,8900,"SEC"
"460","Bryce Foster","IOL /TaylorKaty, TX","IOL",95.96,"Texas A&M Aggies",96000,24000,"SEC"
"461","Enokk Vimahi","IOL /KahukuKahuku, HI","IOL",93.58,"Ohio State Buckeyes",95000,6400,"Big Ten"
"462","Mason Murphy","IOL /J Serra CatholicSan Juan Capistrano, CA","IOL",88.71,"Usc Trojans",95000,3500,"Pac-12"
"463","Richie Leonard","IOL /CocoaCocoa, FL","IOL",86.47,"Florida Gators",95000,11200,"SEC"
"465","Jaeden Roberts","IOL /North ShoreHouston, TX","IOL",90.8,"Alabama Crimson Tide",94000,3900,"SEC"
"466","Kam Dewberry","IOL /AtascocitaHumble, TX","IOL",95.45,"Texas A&M Aggies",94000,20000,"SEC"
"467","Gino Quinones","IOL /St. LouisHonolulu, HI","IOL",82.83,"Usc Trojans",94000,1500,"Pac-12"
"468","Emmanuel Pregnon","IOL /Thomas JeffersonDenver, CO","IOL",50,"Usc Trojans",94000,1500,"Pac-12"
"469","Micah Morris","IOL /Camden CountyKingsland, GA","IOL",95.43,"Georgia Bulldogs",93000,28000,"SEC"
"470","Kelton Smith","IOL /CarverColumbus, GA","IOL",92.27,"Georgia Bulldogs",93000,3700,"SEC"
"471","Kingsley Eguakun","IOL /SandalwoodJacksonville, FL","IOL",86.53,"Florida Gators",93000,6800,"SEC"
"472","Dmitri Emmanuel","IOL /Marvin RidgeWaxhaw, NC","IOL",79,"Florida State Seminoles",92000,2600,"ACC"
"473","Jake Slaughter","IOL /Trinity CatholicOcala, FL","IOL",86.77,"Florida Gators",92000,4100,"SEC"
"474","Tate Johnson","IOL /CallawayHogansville, GA","IOL",88.67,"Auburn Tigers",91000,7400,"SEC"
"475","Avery Jones","IOL /HavelockHavelock, NC","IOL",90.88,"Auburn Tigers",90000,5000,"SEC"
"476","Nouredin Nouili","IOL /NorrisFirth, NE","IOL",79.27,"Colorado State Rams",90000,9400,"Mountain West"
"477","Henry Lutovsky","IOL /Mount PleasantMount Pleasant, IA","IOL",88.4,"Nebraska Cornhuskers",89000,6400,"Big Ten"
"478","Ethan Piper","IOL /Norfolk CatholicNorfolk, NE","IOL",82.53,"Nebraska Cornhuskers",89000,5900,"Big Ten"
"479","Ben Scott","IOL /St. LouisHonolulu, HI","IOL",80.97,"Nebraska Cornhuskers",89000,4600,"Big Ten"
"480","Beaux Limmer","IOL /Tyler LeeTyler, TX","IOL",86.57,"Arkansas Razorbacks",88000,4100,"SEC"
"481","Dametrious Crownover","IOL /GrandviewGrandview, TX","IOL",89,"Texas A&M Aggies",88000,4000,"SEC"
"482","Justin Evans-Jenkins","IOL /IrvingtonIrvington, NJ","IOL",82.07,"Nebraska Cornhuskers",88000,2900,"Big Ten"
"483","Darrian Dalcourt","IOL /St. Frances AcademyBaltimore, MD","IOL",92.1,"Alabama Crimson Tide",88000,3700,"SEC"
"484","Markee Anderson","IOL /DormanRoebuck, SC","IOL",92.75,"South Carolina Gamecocks",87000,5600,"SEC"
"485","Nick Dawkins","IOL /ParklandAllentown, PA","IOL",84.47,"Penn State Nittany Lions",87000,18500,"Big Ten"
"486","Josh Padilla","IOL /WayneDayton, OH","IOL",91.08,"Ohio State Buckeyes",86000,5500,"Big Ten"
"487","Gus Zilinskas","IOL /Cherry CreekEnglewood, CO","IOL",80.75,"Rutgers Scarlet Knights",85000,2100,"Big Ten"
"489","Jalen Farmer","IOL /EastsideCovington, GA","IOL",87.28,"Florida Gators",84000,1400,"SEC"
"490","Xavier Truss","IOL /Bishop HendrickenWarwick, RI","IOL",91.5,"Georgia Bulldogs",84000,11900,"SEC"
"491","JB Nelson","IOL /Mt. LebanonPittsburgh, PA","IOL",91.73,"Penn State Nittany Lions",83000,3900,"Big Ten"
"492","Vega Ioane","IOL /Graham-KapowsinGraham, WA","IOL",87.9,"Penn State Nittany Lions",83000,4100,"Big Ten"
"493","Saleem Wormley","IOL /SmyrnaSmyrna, DE","IOL",89.77,"Penn State Nittany Lions",82000,2300,"Big Ten"
"494","Hunter Nourzad","IOL /The Walker SchoolMarietta, GA","IOL",50,"Penn State Nittany Lions",82000,1900,"Big Ten"
"496","Mark Nabou","IOL /O'DeaSeattle, WA","IOL",88.53,"Texas A&M Aggies",81000,1900,"SEC"
"497","Layden Robinson","IOL /ManvelManvel, TX","IOL",88.4,"Texas A&M Aggies",80000,1700,"SEC"
"498","Jared Wilson","IOL /West ForsythClemmons, NC","IOL",91.06,"Georgia Bulldogs",80000,5000,"SEC"
"499","Cedrick Nicely","IOL /GainesvilleGainesville, GA","IOL",85.63,"Ole Miss Rebels",78000,3300,"SEC"
"500","Victor Curne","IOL /Second BaptistHouston, TX","IOL",85.75,"Ole Miss Rebels",77000,2400,"SEC"
"501","Kelvin Banks","OT /Summer CreekHumble, TX","OT",97.49,"Texas Longhorns",802000,19700,"Big 12"
"502","Christian Jones","OT /Cy WoodsCypress, TX","OT",85.93,"Texas Longhorns",767000,5900,"Big 12"
"503","Joe Alt","OT /Totino-GraceMinneapolis, MN","OT",89.7,"Notre Dame Fighting Irish",746000,5300,"Independent"
"504","Olu Fashanu","OT /Gonzaga Washington, DC","OT",88.7,"Penn State Nittany Lions",727000,9800,"Big Ten"
"505","JC Latham","OT /IMG AcademyBradenton, FL","OT",99.37,"Alabama Crimson Tide",616000,21000,"SEC"
"506","Roger Rosengarten","OT /Valor ChristianLittleton, CO","OT",92.46,"Washington Huskies",568000,4600,"Pac-12"
"507","Walter Rouse","OT /Sidwell Friends SchoolWashington, DC","OT",88.37,"Oklahoma Sooners",546000,6900,"Big 12"
"509","Ajani Cornelius","OT /Archbishop StepinacWhite Plains, NY","OT",50,"Oregon Ducks",512000,5700,"Pac-12"
"510","Wyatt Milum","OT /Spring ValleyHuntington, WV","OT",92.75,"West Virginia Mountaineers",477000,5900,"Big 12"
"511","Kadyn Proctor","OT /Southeast PolkDes Moines, IA","OT",98.83,"Alabama Crimson Tide",464000,48000,"SEC"
"512","Javon Foster","OT /West BloomfieldWest Bloomfield, MI","OT",82.2,"Missouri Tigers",437000,2700,"SEC"
"513","Taliese Fuaga","OT /Mount TahomaTacoma, WA","OT",81.87,"Oregon State Beavers",404000,1400,"Pac-12"
"514","Hollin Pierce","OT /Fork Union Military AcademyTrenton, NJ","OT",50,"Rutgers Scarlet Knights",375000,2200,"Big Ten"
"515","Will Campbell","OT /NevilleMonroe, LA","OT",96.56,"Lsu Tigers",358000,34000,"SEC"
"516","Devonte Gordon","OT /Maret SchoolWashington, DC","OT",84.63,"Wake Forest Demon Deacons",342000,4000,"ACC"
"517","Francis Mauigoa","OT /IMG AcademyBradenton, FL","OT",98.77,"Miami Hurricanes",322000,23000,"ACC"
"518","Earnest Greene","OT /St. John BoscoBellflower, CA","OT",96.27,"Georgia Bulldogs",317000,11100,"SEC"
"520","Bless Harris","OT /St. AugustineNew Orleans, LA","OT",77.94,"Florida State Seminoles",302000,19500,"ACC"
"521","Samson Okunlola","OT /Thayer AcademyBrockton, MA","OT",97.74,"Miami Hurricanes",298000,34000,"ACC"
"522","Monroe Mills","OT /Father ToltonColumbia, MO","OT",82.2,"Texas Tech Red Raiders",296000,2500,"Big 12"
"523","Nick Rosi","OT /Olentangy LibertyPowell, OH","OT",50,"Toledo Rockets",286000,902,"MAC"
"524","Zalance Heard","OT /NevilleMonroe, LA","OT",97.49,"Lsu Tigers",268000,3200,"SEC"
"525","Delmar Glaze","OT /West MecklenburgCharlotte, NC","OT",81.42,"Maryland Terrapins",241000,413,"Big Ten"
"526","Armand Membou","OT /Lee's Summit NorthLees Summit, MO","OT",88.93,"Missouri Tigers",238000,27000,"SEC"
"527","Dillon Wade","OT /Cy FallsHouston, TX","OT",79.15,"Auburn Tigers",233000,8200,"SEC"
"528","Graham Barton","OT /RavenwoodBrentwood, TN","OT",86,"Duke Blue Devils",231000,3500,"ACC"
"529","Josh Simmons","OT /HelixLa Mesa, CA","OT",89.67,"Ohio State Buckeyes",227000,2400,"Big Ten"
"530","Amari Kight","OT /ThompsonAlabaster, AL","OT",94.87,"Ucf Knights",209000,8300,"Big 12"
"531","Monroe Freeling","OT /Oceanside Collegiate AcademyMount Pleasant, SC","OT",97.14,"Georgia Bulldogs",199000,6200,"SEC"
"532","Cameron Williams","OT /DuncanvilleDuncanville, TX","OT",90.9,"Texas Longhorns",190000,17500,"Big 12"
"533","Hayden Conner","OT /TaylorKaty, TX","OT",89.46,"Texas Longhorns",185000,10700,"Big 12"
"534","Ozzy Trapilo","OT /Boston CollegeBoston, MA","OT",92.03,"Boston College Eagles",180000,3500,"ACC"
"535","Cameron Wire","OT /East AscensionGonzales, LA","OT",89.33,"Tulane Green Wave",170000,60000,"American"
"536","Jordan Morgan","OT /MaranaMarana, AZ","OT",81.57,"Arizona Wildcats",163000,1500,"Pac-12"
"537","Luke Montgomery","OT /FindlayFindlay, OH","OT",94.5,"Ohio State Buckeyes",156000,46000,"Big Ten"
"538","Wilkin Formby","OT /NorthridgeTuscaloosa, AL","OT",94.42,"Alabama Crimson Tide",152000,6900,"SEC"
"539","Jonah Savaiinaea","OT /St Louis SchoolHonolulu, HI","OT",87.13,"Arizona Wildcats",150000,4200,"Pac-12"
"540","Charles Jagusah","OT /AllemanRock Island, IL","OT",96.04,"Notre Dame Fighting Irish",142000,2500,"Independent"
"541","John Campbell","OT /Dr. PhillipsOrlando, FL","OT",88.03,"Tennessee Volunteers",141000,25000,"SEC"
"542","Gerald Mincey","OT /Cardinal GibbonsFort Lauderdale, FL","OT",86.27,"Tennessee Volunteers",140000,22000,"SEC"
"543","Gottlieb Ayedze","OT /NorthwestGermantown, MD","OT",50,"Maryland Terrapins",136000,276,"Big Ten"
"544","Ollie Lane","OT /GibbsCorryton, TN","OT",84.43,"Tennessee Volunteers",132000,9100,"SEC"
"545","Cayden Green","OT /Lee's Summit NorthLees Summit, MO","OT",94.39,"Oklahoma Sooners",131000,18200,"Big 12"
"547","Andrej Karic","OT /Southlake CarrollSouthlake, TX","OT",90,"Tennessee Volunteers",131000,5200,"SEC"
"548","Jeremiah Crawford","OT /GoddardGoddard, KS","OT",84.53,"Tennessee Volunteers",131000,5300,"SEC"
"549","Kingsley Suamataia","OT /OremOrem, UT","OT",97.4,"Byu Cougars",129000,32000,"Big 12"
"550","Olaus Alinen","OT /The Loomis Chaffee SchoolWindsor, CT","OT",92.66,"Alabama Crimson Tide",128000,19400,"SEC"
"551","Cade Beresford","OT /WoodinvilleWoodinville, WA","OT",86.56,"Boise State Broncos",126000,1000,"Mountain West"
"552","Bo Hughley","OT /Langston HughesFairburn, GA","OT",93.54,"Georgia Bulldogs",125000,15000,"SEC"
"553","Julian Armella","OT /St. Thomas AquinasMiami, FL","OT",92.47,"Florida State Seminoles",116000,66000,"ACC"
"554","Aireontae Ersery","OT /RuskinKansas City, MO","OT",84.7,"Minnesota Golden Gophers",114000,636,"Big Ten"
"555","Doug Nester","OT /Spring ValleyHuntington, WV","OT",94.07,"West Virginia Mountaineers",113000,10100,"Big 12"
"556","Chimdy Onoh","OT /DundalkDundalk, MD","OT",91.47,"Penn State Nittany Lions",113000,4400,"Big Ten"
"557","Elijah Paige","OT /PinnaclePhoenix, AZ","OT",91.94,"Usc Trojans",111000,3900,"Pac-12"
"558","Lucas Simmons","OT /Clearwater Academy InternationalClearwater, FL","OT",93.59,"Florida State Seminoles",111000,6600,"ACC"
"559","Robert Scott Jr.","OT /ConwayConway, AR","OT",88.07,"Florida State Seminoles",101000,7700,"ACC"
"560","Cole Birmingham","OT /KatyKaty, TX","OT",87.73,"Oklahoma State Cowboys",101000,2100,"Big 12"
"561","Troy Fautanu","OT /LibertyHenderson, NV","OT",89.87,"Washington Huskies",101000,3500,"Pac-12"
"562","Darius Washington","OT /West Florida TechPensacola, FL","OT",88.17,"Florida State Seminoles",100000,5900,"ACC"
"563","Kaitori Leveston","OT /MidwayWaco, TX","OT",84.1,"Kansas State Wildcats",100000,0,"Big 12"
"564","Jeremiah Byers","OT /AndersonAustin, TX","OT",78.77,"Florida State Seminoles",99000,3600,"ACC"
"565","Elijah Pritchett","OT /CarverColumbus, GA","OT",96.9,"Alabama Crimson Tide",97000,6600,"SEC"
"566","George Fitzpatrick","OT /Cherry CreekEnglewood, CO","OT",91.23,"Ohio State Buckeyes",96000,6700,"Big Ten"
"567","Michael Tarquin","OT /North MarionCitra, FL","OT",89.94,"Usc Trojans",95000,6100,"Pac-12"
"568","Jeremiah Wright","OT /SelmaSelma, AL","OT",86.83,"Auburn Tigers",95000,12800,"SEC"
"569","Jakob James","OT /ElderCincinnati, OH","OT",84.73,"Ohio State Buckeyes",95000,5200,"Big Ten"
"570","Josh Fryar","OT /Beech GroveBeech Grove, IN","OT",88.07,"Ohio State Buckeyes",95000,5400,"Big Ten"
"571","Damieon George","OT /North ShoreHouston, TX","OT",89.67,"Florida Gators",94000,9300,"SEC"
"572","Jonah Monheim","OT /MoorparkMoorpark, CA","OT",89.67,"Usc Trojans",94000,2500,"Pac-12"
"573","Jordan Spasojevic-Moko","OT /Brisbane RhinosBrisbane, QLD","OT",89,"Texas A&M Aggies",93000,13200,"SEC"
"574","Stanton Ramil","OT /ThompsonAlabaster, AL","OT",91.82,"Michigan State Spartans",92000,4200,"Big Ten"
"575","Tyree Adams","OT /St. AugustineMarrero, LA","OT",92.17,"Lsu Tigers",92000,4300,"SEC"
"576","Kameron Stutts","OT /BrooksKillen, AL","OT",86.9,"Auburn Tigers",91000,7600,"SEC"
"577","Turner Corcoran","OT /Lawrence Free StateLawrence, KS","OT",95.51,"Nebraska Cornhuskers",90000,8700,"Big Ten"
"578","Bryce Benhart","OT /Lakeville NorthLakeville, MN","OT",93.25,"Nebraska Cornhuskers",90000,7600,"Big Ten"
"579","Reuben Fatheree","OT /FosterRichmond, TX","OT",95.23,"Texas A&M Aggies",89000,6200,"SEC"
"580","Trey Zuhn","OT /Fossil RidgeFort Collins, CO","OT",90.86,"Texas A&M Aggies",88000,3300,"SEC"
"582","Landon Tengwall","OT /Good CounselOlney, MD","OT",95.1,"Penn State Nittany Lions",86000,11900,"Big Ten"
"583","Drew Shelton","OT /Downingtown WestDowningtown, PA","OT",93.56,"Penn State Nittany Lions",86000,10000,"Big Ten"
"584","Austin Barber","OT /Trinity Christian AcademyJacksonville, FL","OT",87.47,"Florida Gators",85000,3300,"SEC"
"585","Jordan Herman","OT /Fort MillHutchinson, KS","OT",50,"Florida Gators",85000,2400,"SEC"
"586","Caedan Wallace","OT /Hun School Princeton, NJ","OT",95.21,"Penn State Nittany Lions",82000,4800,"Big Ten"
"587","Chad Lindberg","OT /Clear CreekLeague City, TX","OT",91.9,"Georgia Bulldogs",82000,9500,"SEC"
"588","Jaden Muskrat","OT /Bentonville WestCenterton, AR","OT",77.6,"Auburn Tigers",82000,1100,"SEC"
"589","Austin Blaske","OT /South EffinghamGuyton, GA","OT",87.53,"Georgia Bulldogs",81000,6700,"SEC"
"590","Emery Jones","OT /CatholicBaton Rouge, LA","OT",94.45,"Lsu Tigers",80000,20000,"SEC"
"591","Eli Acker","OT /Heritage AcademyColumbus, MS","OT",89.33,"Ole Miss Rebels",80000,8800,"SEC"
"592","Micah Pettus","OT /James ClemensHarvest, AL","OT",82.87,"Ole Miss Rebels",79000,12000,"SEC"
"593","Reece McIntyre","OT /BufordBuford, GA","OT",86.23,"Ole Miss Rebels",78000,4700,"SEC"
"594","Jeremy James","OT /North ForsythCumming, GA","OT",86.83,"Ole Miss Rebels",78000,4100,"SEC"
"595","Trente Jones","OT /GraysonLoganville, GA","OT",93.92,"Michigan Wolverines",78000,189000,"Big Ten"
"596","Zechariah Owens","OT /Eagles Landing Christian AcademyMcDonough, GA","OT",90.84,"Clemson Tigers",78000,5800,"ACC"
"597","Preston Cushman","OT /Calvary ChristianClearwater, FL","OT",85.4,"Ole Miss Rebels",78000,3400,"SEC"
"598","Caleb Warren","OT /Nanih Waiya Attendance CenterLouisville, MS","OT",83.47,"Ole Miss Rebels",78000,2800,"SEC"
"599","Tree Babalade","OT /DeMatha CatholicHyattsville, MD","OT",91.8,"South Carolina Gamecocks",74000,10100,"SEC"
"600","Evan Link","OT /Gonzaga Burke, VA","OT",90.63,"Michigan Wolverines",69000,3000,"Big Ten"
"601","Brock Bowers","TE /NapaNapa, CA","TE",95.28,"Georgia Bulldogs",718000,137000,"SEC"
"602","Cade Stover","TE /LexingtonMansfield, OH","TE",93.69,"Ohio State Buckeyes",621000,65000,"Big Ten"
"603","Ja'Tavion Sanders","TE /RyanDenton, TX","TE",97.98,"Texas Longhorns",599000,34000,"Big 12"
"604","Jaheim Bell","TE /ValdostaValdosta, GA","TE",89.67,"Florida State Seminoles",499000,54000,"ACC"
"605","Bryson Nesbit","TE /South MecklenburgCharlotte, NC","TE",90.64,"North Carolina Tar Heels",459000,11600,"ACC"
"606","Colston Loveland","TE /GoodingGooding, ID","TE",90.5,"Michigan Wolverines",451000,31000,"Big Ten"
"607","Ben Sinnott","TE /ColumbusWaterloo, IA","TE",50,"Kansas State Wildcats",429000,2400,"Big 12"
"608","Corey Dyches","TE /PotomacOxon Hill, MD","TE",87.17,"Maryland Terrapins",360000,4700,"Big Ten"
"609","Drake Dabney","TE /Cy RanchCypress, TX","TE",87.1,"Baylor Bears",341000,3600,"Big 12"
"610","Rivaldo Fairweather","TE /Boyd AndersonFort Lauderdale, FL","TE",81.23,"Auburn Tigers",326000,5200,"SEC"
"612","R.J. Maryland","TE /Southlake CarrollSouthlake, TX","TE",89.28,"Smu Mustangs",311000,3200,"American"
"613","Jared Wiley","TE /TempleTemple, TX","TE",87.1,"Tcu Horned Frogs",303000,10500,"Big 12"
"614","Amari Niblack","TE /LakewoodClearwater, FL","TE",94.58,"Alabama Crimson Tide",286000,8700,"SEC"
"615","Jake Briningstool","TE /RavenwoodBrentwood, TN","TE",94.35,"Clemson Tigers",262000,16100,"ACC"
"616","Mason Taylor","TE /St. Thomas AquinasFort Lauderdale, FL","TE",87.33,"Lsu Tigers",235000,22000,"SEC"
"617","Terrance Ferguson","TE /HeritageLittleton, CO","TE",92.38,"Oregon Ducks",220000,50000,"Pac-12"
"618","David Martin-Robinson","TE /HempfieldLandisville, PA","TE",81.78,"Temple Owls",220000,3400,"American"
"619","Jack Westover","TE /Mount SiSnoqualmie, WA","TE",50,"Washington Huskies",207000,3500,"Pac-12"
"620","Tyler Warren","TE /AtleeMechanicsville, VA","TE",87.5,"Penn State Nittany Lions",207000,4100,"Big Ten"
"621","Mitchell Evans","TE /WadsworthWadsworth, OH","TE",88.8,"Notre Dame Fighting Irish",207000,5700,"Independent"
"623","Arlis Boardingham","TE /BirminghamVan Nuys, CA","TE",87.88,"Florida Gators",205000,6800,"SEC"
"624","Oscar Delp","TE /West ForsythCumming, GA","TE",94.87,"Georgia Bulldogs",203000,50000,"SEC"
"625","Gavin Bartholomew","TE /Blue MountainSchuylkill Haven, PA","TE",82.57,"Pittsburgh Panthers",202000,7000,"ACC"
"627","Gunnar Helm","TE /Cherry CreekEnglewood, CO","TE",86.47,"Texas Longhorns",193000,7500,"Big 12"
"628","Trey Knox","TE /BlackmanMurfreesboro, TN","TE",91.11,"South Carolina Gamecocks",185000,48000,"SEC"
"629","Jake Johnson","TE /Oconee CountyBogart, GA","TE",95.1,"Texas A&M Aggies",180000,26000,"SEC"
"630","Kole Taylor","TE /CentralGrand Junction, CO","TE",88.4,"West Virginia Mountaineers",173000,4800,"Big 12"
"631","Pearce Spurlin","TE /South WaltonSanta Rosa Beach, FL","TE",95.42,"Georgia Bulldogs",153000,19500,"SEC"
"632","Theo Johnson","TE /Holy Names High SchoolWindsor, PA","TE",94.76,"Penn State Nittany Lions",152000,15600,"Big Ten"
"633","Jacob Warren","TE /FarragutKnoxville, TN","TE",86.77,"Tennessee Volunteers",149000,21000,"SEC"
"634","Ethan Davis","TE /Collins HillSuwanee, GA","TE",92.83,"Tennessee Volunteers",147000,82000,"SEC"
"635","Mason Fairchild","TE /AndaleAndale, KS","TE",79.66,"Kansas Jayhawks",147000,2700,"Big 12"
"636","McCallan Castles","TE /South TahoeSouth Lake Tahoe, CA","TE",89.67,"Tennessee Volunteers",138000,4900,"SEC"
"637","Ben Yurosek","TE /Bakersfield ChristianBakersfield, CA","TE",88.43,"Stanford Cardinal",137000,2700,"Pac-12"
"639","Tyler Fromm","TE /Warner RobinsWarner Robins, GA","TE",89.83,"Auburn Tigers",124000,39000,"SEC"
"640","Jelani Thurman","TE /Langston HughesFairburn, GA","TE",93.66,"Ohio State Buckeyes",122000,4800,"Big Ten"
"641","Lawson Luckie","TE /NorcrossNorcross, GA","TE",93.27,"Georgia Bulldogs",121000,10100,"SEC"
"642","Erick All","TE /FairfieldFairfield, OH","TE",89.37,"Iowa Hawkeyes",120000,29000,"Big Ten"
"643","Andrew Rappleyea","TE /Milton AcademyMillbrook, NY","TE",94.15,"Penn State Nittany Lions",118000,5700,"Big Ten"
"644","Riley Williams","TE /IMG AcademyPortland, OR","TE",93.84,"Miami Hurricanes",118000,8900,"ACC"
"645","Kenyon Sadiq","TE /Skyline SeniorIdaho Falls, ID","TE",93.65,"Oregon Ducks",114000,6000,"Pac-12"
"646","Ka'Morreun Pimpton","TE /North CrowleyFort Worth, TX","TE",93.25,"Lsu Tigers",113000,2800,"SEC"
"647","Ty Lockwood","TE /IndependenceThompson's Station, TN","TE",91.25,"Alabama Crimson Tide",113000,10600,"SEC"
"648","Joe Royer","TE /ElderCincinnati, OH","TE",89.01,"Ohio State Buckeyes",110000,14600,"Big Ten"
"649","Jaden Platt","TE /EatonHaslet, TX","TE",91.35,"Texas A&M Aggies",110000,3300,"SEC"
"650","Markeston Douglas","TE /HaywoodBrownsville, TN","TE",82.53,"Florida State Seminoles",108000,6200,"ACC"
"651","Thomas Fidone","TE /Lewis CentralCouncil Bluffs, IA","TE",95.27,"Nebraska Cornhuskers",108000,31000,"Big Ten"
"652","CJ Dippre","TE /LakelandJermyn, PA","TE",85,"Alabama Crimson Tide",106000,10200,"SEC"
"653","Michael Trigg","TE /Carrollwood DayTampa, FL","TE",92.83,"Ole Miss Rebels",103000,45000,"SEC"
"654","Lake McRee","TE /Lake TravisAustin, TX","TE",88.67,"Usc Trojans",103000,8600,"Pac-12"
"655","Robbie Ouzts","TE /Rock HillRock Hill, SC","TE",87.4,"Alabama Crimson Tide",102000,3400,"SEC"
"656","Max Wright","TE /TaylorKaty, TX","TE",92.56,"Texas A&M Aggies",102000,13500,"SEC"
"657","Jude Wolfe","TE /St. John BoscoBellflower, CA","TE",91.49,"Usc Trojans",101000,6100,"Pac-12"
"659","Luke Hasz","TE /BixbyBixby, OK","TE",91.93,"Arkansas Razorbacks",100000,23000,"SEC"
"660","Nate Boerkircher","TE /AuroraAurora, NE","TE",50,"Nebraska Cornhuskers",95000,3400,"Big Ten"
"661","Grayson Barnes","TE /RocklinSacramento, CA","TE",83.48,"Northern Illinois Huskies",92000,714,"MAC"
"662","Anthony Torres","TE /PennMishawaka, IN","TE",83.17,"Toledo Rockets",91000,0,"MAC"
"663","Shamar Easter","TE /AshdownAshdown, AR","TE",92.3,"Arkansas Razorbacks",88000,5400,"SEC"
"664","Mac Markway","TE /DeSmetSaint Louis, MO","TE",91.11,"Lsu Tigers",86000,7400,"SEC"
"665","Bryce Drummond","TE /PawhuskaPawhuska, OK","TE",82.08,"Oklahoma State Cowboys",86000,65000,"Big 12"
"666","Austin Stogner","TE /Prestonwood ChristianPlano, TX","TE",93.1,"Oklahoma Sooners",85000,37000,"Big 12"
"667","Theo Melin Ohrstrom","TE /Clearwater Academy InternationalClearwater, FL","TE",90.23,"Texas A&M Aggies",84000,3000,"SEC"
"668","Kaden Helms","TE /Bellevue WestBellevue, NE","TE",90.91,"Oklahoma Sooners",84000,106000,"Big 12"
"669","Gee Scott Jr.","TE /Eastside CatholicSammamish, WA","TE",95.74,"Ohio State Buckeyes",78000,146000,"Big Ten"
"670","Caden Prieskorn","TE /Fork Union Military (HS)Lake Orion, MI","TE",50,"Ole Miss Rebels",75000,1700,"SEC"
"671","Jaleel Skinner","TE /IMG AcademyGreer, SC","TE",94.28,"Miami Hurricanes",73000,23000,"ACC"
"672","Jason Llewellyn","TE /AledoAledo, TX","TE",88.5,"Oklahoma Sooners",72000,18400,"Big 12"
"673","Brett Norfleet","TE /Francis HowellSaint Charles, MO","TE",91.15,"Missouri Tigers",71000,4000,"SEC"
"674","Brennan Parachek","TE /DexterDexter, MI","TE",90.1,"Michigan State Spartans",70000,4800,"Big Ten"
"675","Joey Schlaffer","TE /Exeter TownshipReading, PA","TE",89.66,"Penn State Nittany Lions",67000,5300,"Big Ten"
"676","Patrick Herbert","TE /SheldonEugene, OR","TE",91.47,"Oregon Ducks",67000,20000,"Pac-12"
"677","Marlin Klein","TE /Rabun Gap-Nacoochee SchoolRabun Gap, GA","TE",88.55,"Michigan Wolverines",66000,7500,"Big Ten"
"678","Blake Bosma","TE /West Ottawa HSHolland, MI","TE",50,"Western Michigan Broncos",65000,470,"MAC"
"680","Cam McCormick","TE /SummitBend, OR","TE",88.03,"Miami Hurricanes",65000,9700,"ACC"
"681","Matthew Hibner","TE /Lake BraddockBurke, VA","TE",88.12,"Michigan Wolverines",64000,5300,"Big Ten"
"682","Elijah Arroyo","TE /IndependenceFrisco, TX","TE",92.5,"Miami Hurricanes",64000,8800,"ACC"
"684","Josh Beetham","TE /YorkvilleYorkville, IL","TE",50,"Illinois Fighting Illini",62000,2400,"Big Ten"
"685","AJ Barner","TE /AuroraAurora, OH","TE",83.23,"Michigan Wolverines",62000,7100,"Big Ten"
"687","Josh Sapp","TE /GreenvilleGreenville, SC","TE",83.13,"Clemson Tigers",61000,14500,"ACC"
"688","Brenden Bates","TE /Archbishop MoellerCincinnati, OH","TE",87.7,"Kentucky Wildcats",61000,85000,"SEC"
"689","Sean Brown","TE /CoosaRome, GA","TE",85.9,"Tennessee Volunteers",61000,4000,"SEC"
"690","Mathias Barnwell","TE /RiverbendFredericksburg, VA","TE",88.75,"Penn State Nittany Lions",60000,11300,"Big Ten"
"691","Nick Elksnis","TE /EpiscopalJacksonville, FL","TE",89.39,"South Carolina Gamecocks",60000,8400,"SEC"
"692","Marvin Harrison Jr.","WR /St. Joseph's Prep SchoolPhiladelphia, PA","WR",95.08,"Ohio State Buckeyes",1200000,555000,"Big Ten"
"693","Evan Stewart","WR /LibertyFrisco, TX","WR",98.43,"Texas A&M Aggies",916000,2400000,"SEC"
"694","Keon Coleman","WR /Opelousas Catholic SchoolOpelousas, LA","WR",89.67,"Florida State Seminoles",834000,193000,"ACC"
"695","Xavier Worthy","WR /Central EastFresno, CA","WR",95.76,"Texas Longhorns",765000,150000,"Big 12"
"696","Malik Nabers","WR /SouthsideYoungsville, LA","WR",91.73,"Lsu Tigers",761000,54000,"SEC"
"697","Zachariah Branch","WR /Bishop GormanLas Vegas, NV","WR",99.16,"Usc Trojans",697000,239000,"Pac-12"
"698","Luther Burden","WR /East St. LouisSaint Louis, MO","WR",98.8,"Missouri Tigers",690000,85000,"SEC"
"699","Rome Odunze","WR /Bishop GormanLas Vegas, NV","WR",91.96,"Washington Huskies",644000,12900,"Pac-12"
"700","Troy Franklin","WR /Menlo-AthertonMenlo Park, CA","WR",96.23,"Oregon Ducks",635000,58000,"Pac-12"
"701","Xavier Legette","WR /MullinsMullins, SC","WR",86.03,"South Carolina Gamecocks",551000,23000,"SEC"
"702","Brian Thomas Jr.","WR /WalkerWalker, LA","WR",94.46,"Lsu Tigers",550000,22000,"SEC"
"703","Roman Wilson","WR /St. LouisHonolulu, HI","WR",90.49,"Michigan Wolverines",547000,150000,"Big Ten"
"704","Malik Washington","WR /ParkviewLilburn, GA","WR",85.6,"Virginia Cavaliers",521000,2700,"ACC"
"705","AD Mitchell","WR /Cane RidgeAntioch, TN","WR",90.39,"Texas Longhorns",501000,54000,"Big 12"
"706","Brenden Rice","WR /HamiltonChandler, AZ","WR",88.82,"Usc Trojans",481000,197000,"Pac-12"
"708","Tre Harris","WR /ComeauxLafayette, LA","WR",80.08,"Ole Miss Rebels",458000,3400,"SEC"
"712","Caullin Lacy","WR /Faith AcademyMobile, AL","WR",80.96,"South Alabama Jaguars",397000,108,"Sun Belt"
"713","Nyck Harbor","WR /Archbishop CarrollWashington, DC","WR",97.53,"South Carolina Gamecocks",397000,90000,"SEC"
"715","Emeka Egbuka","WR /SteilacoomSteilacoom, WA","WR",97.86,"Ohio State Buckeyes",381000,107000,"Big Ten"
"716","Duce Robinson","WR /PinnaclePhoenix, AZ","WR",97.48,"Usc Trojans",369000,18000,"Pac-12"
"717","Johntay Cook II","WR /DeSotoDeSoto, TX","WR",97.23,"Texas Longhorns",365000,232000,"Big 12"
"718","Malachi Corley","WR /CampbellsvilleCampbellsville, KY","WR",77.77,"Western Kentucky Hilltoppers",341000,4300,"C-USA"
"719","Makai Lemon","WR /Los AlamitosLos Alamitos, CA","WR",96.8,"Usc Trojans",322000,20000,"Pac-12"
"720","Brandon Inniss","WR /TRU Prep AcademyMiami Gardens, FL","WR",97,"Ohio State Buckeyes",312000,118000,"Big Ten"
"721","Jacob Cowing","WR /MaricopaMaricopa, AZ","WR",76.32,"Arizona Wildcats",280000,7700,"Pac-12"
"722","Tory Horton","WR /Washington UnionFresno, CA","WR",79.51,"Colorado State Rams",277000,753,"Mountain West"
"723","Xavier Restrepo","WR /Deerfield BeachDeerfield Beach, FL","WR",86.53,"Miami Hurricanes",271000,37000,"ACC"
"724","Ladd McConkey","WR /North MurrayChatsworth, GA","WR",83.47,"Georgia Bulldogs",265000,92000,"SEC"
"725","Hykeem Williams","WR /StranahanFort Lauderdale, FL","WR",97.13,"Florida State Seminoles",259000,48000,"ACC"
"726","Jamari Thrash","WR /Troup CountyLagrange, GA","WR",81.5,"Louisville Cardinals",245000,1900,"ACC"
"727","Jermaine Burton","WR /CalabasasCalabasas, CA","WR",94.73,"Alabama Crimson Tide",245000,70000,"SEC"
"728","Jalen Hale","WR /LongviewLongview, TX","WR",96.66,"Alabama Crimson Tide",240000,35000,"SEC"
"729","Carnell Tate","WR /IMG AcademyChicago, IL","WR",96.49,"Ohio State Buckeyes",237000,68000,"Big Ten"
"730","Jurrion Dickey","WR /Menlo-AthertonPalo Alto, CA","WR",97.3,"Oregon Ducks",237000,23000,"Pac-12"
"731","Jordan Whittington","WR /CueroCuero, TX","WR",96.23,"Texas Longhorns",232000,70000,"Big 12"
"732","Devontez Walker","WR /West CharlotteCharlotte, NC","WR",80.77,"North Carolina Tar Heels",206000,3500,"ACC"
"733","Xavier Weaver","WR /Orlando Christian PrepOrlando, FL","WR",80.48,"Colorado Buffaloes",205000,4900,"Pac-12"
"734","DeAndre Moore Jr.","WR /St. John BoscoLos Alamitos, CA","WR",93.9,"Texas Longhorns",198000,23000,"Big 12"
"735","Casey Cain","WR /Warren EastonNew Orleans, LA","WR",85.3,"Texas Longhorns",197000,57000,"Big 12"
"737","Kobe Hudson","WR /Troup CountyLagrange, GA","WR",93.79,"Ucf Knights",189000,19600,"Big 12"
"738","Isaiah Williams","WR /Trinity CatholicSaint Louis, MO","WR",93.61,"Illinois Fighting Illini",187000,9200,"Big Ten"
"739","Julian Fleming","WR /Southern ColumbiaCatawissa, PA","WR",99.35,"Ohio State Buckeyes",183000,116000,"Big Ten"
"740","Noah Rogers","WR /RolesvilleRolesville, NC","WR",96.08,"Ohio State Buckeyes",181000,21000,"Big Ten"
"741","Dont'e Thornton","WR /Mount Saint JosephBaltimore, MD","WR",95.14,"Tennessee Volunteers",175000,99000,"SEC"
"742","Dayton Wade","WR /LovejoyHampton, GA","WR",79.27,"Ole Miss Rebels",175000,145000,"SEC"
"743","Jalen McMillan","WR /San Joaquin MemorialFresno, CA","WR",95.05,"Washington Huskies",167000,17500,"Pac-12"
"744","Bru McCoy","WR /Mater DeiSanta Ana, CA","WR",97.63,"Tennessee Volunteers",165000,36000,"SEC"
"745","Isaiah Bond","WR /BufordBuford, GA","WR",95.57,"Alabama Crimson Tide",163000,152000,"SEC"
"746","Tez Johnson","WR /Pinson ValleyPinson, AL","WR",83.2,"Oregon Ducks",162000,1700,"Pac-12"
"747","Ryan Niblett","WR /Aldine EisenhowerHouston, TX","WR",95.43,"Texas Longhorns",160000,5600,"Big 12"
"748","Elic Ayomanor","WR /Deerfield AcademyDeerfield, MA","WR",85.3,"Stanford Cardinal",160000,4200,"Pac-12"
"750","Malachi Coleman","WR /Lincoln EastLincoln, NE","WR",95.65,"Nebraska Cornhuskers",157000,29000,"Big Ten"
"751","Tetairoa McMillan","WR /ServiteAnaheim, CA","WR",96.45,"Arizona Wildcats",156000,26000,"Pac-12"
"753","Jalen Brown","WR /Gulliver PrepMiami, FL","WR",94.82,"Lsu Tigers",152000,25000,"SEC"
"754","KeAndre Lambert-Smith","WR /MauryNorfolk, VA","WR",91.85,"Penn State Nittany Lions",151000,286000,"Big Ten"
"755","Ramel Keyton","WR /MariettaMarietta, GA","WR",94.29,"Tennessee Volunteers",148000,23000,"SEC"
"756","Aidan Mizell","WR /BooneOrlando, FL","WR",94.17,"Florida Gators",148000,50000,"SEC"
"757","Shelton Sampson Jr.","WR /CatholicBaton Rouge, LA","WR",94.81,"Lsu Tigers",144000,15900,"SEC"
"758","Ja'Corey Brooks","WR /IMG AcademyBradenton, FL","WR",96.88,"Alabama Crimson Tide",144000,78000,"SEC"
"759","Nathan Leacock","WR /MillbrookRaleigh, NC","WR",94.96,"Tennessee Volunteers",143000,9600,"SEC"
"760","Jaquaize Pettaway","WR /Langham CreekHouston, TX","WR",94.56,"Oklahoma Sooners",143000,21000,"Big 12"
"761","Kaleb Webb","WR /McEachernPowder Springs, GA","WR",91.5,"Tennessee Volunteers",142000,10900,"SEC"
"762","Rodney Gallagher","WR /Laurel HighlandsUniontown, PA","WR",90,"West Virginia Mountaineers",142000,124000,"Big 12"
"763","Squirrel White","WR /Clay-ChalkvillePinson, AL","WR",89.45,"Tennessee Volunteers",141000,10000,"SEC"
"764","Tyler Williams","WR /LakelandLakeland, FL","WR",94.46,"Georgia Bulldogs",140000,9800,"SEC"
"765","Chas Nimrod","WR /BentonvilleBentonville, AR","WR",88.88,"Tennessee Volunteers",140000,8900,"SEC"
"766","Jimmy Horn Jr.","WR /SeminoleSanford, FL","WR",88,"Colorado Buffaloes",138000,111000,"Pac-12"
"767","Andrel Anthony","WR /East LansingEast Lansing, MI","WR",87.77,"Oklahoma Sooners",137000,207000,"Big 12"
"768","Emmanuel Henderson","WR /Geneva CountyHartford, AL","WR",96.33,"Alabama Crimson Tide",136000,53000,"SEC"
"769","Malik Benson","WR /LansingLansing, KS","WR",95.24,"Alabama Crimson Tide",131000,17700,"SEC"
"770","Ray Ray Joseph","WR /EdisonMiami, FL","WR",93.18,"Miami Hurricanes",130000,38000,"ACC"
"771","Reggie Brown","WR /KathleenLakeland, FL","WR",78.63,"James Madison Dukes",130000,0,"Sun Belt"
"772","Ayden Williams","WR /RidgelandRidgeland, MS","WR",94.69,"Ole Miss Rebels",129000,17000,"SEC"
"773","Cordale Russell","WR /North MesquiteMesquite, TX","WR",94.7,"Tcu Horned Frogs",128000,21000,"Big 12"
"774","Mycah Pittman","WR /CalabasasCalabasas, CA","WR",94.2,"Utah Utes",127000,307000,"Pac-12"
"775","Braylon James","WR /Stony PointRound Rock, TX","WR",93.36,"Notre Dame Fighting Irish",124000,23000,"Independent"
"776","Jayden Ballard","WR /WashingtonMassillon, OH","WR",94.68,"Ohio State Buckeyes",124000,64000,"Big Ten"
"778","Kendrick Law","WR /Captain ShreveShreveport, LA","WR",94.56,"Alabama Crimson Tide",120000,26000,"SEC"
"779","Eugene Wilson III","WR /GaitherTampa, FL","WR",94.07,"Florida Gators",120000,12700,"SEC"
"780","Chris Culliver","WR /MaidenMaiden, NC","WR",93.51,"North Carolina Tar Heels",119000,16400,"ACC"
"781","Anthony Evans","WR /JudsonConverse, TX","WR",92.16,"Georgia Bulldogs",119000,25000,"SEC"
"782","Jaden Greathouse","WR /WestlakeAustin, TX","WR",92.84,"Notre Dame Fighting Irish",119000,29000,"Independent"
"784","Destyn Hill","WR /Edna KarrNew Orleans, LA","WR",93.85,"Florida State Seminoles",114000,16000,"ACC"
"785","Ja'Khi Douglas","WR /TerrebonneHouma, LA","WR",90.1,"Florida State Seminoles",114000,15300,"ACC"
"786","Cristian Driver","WR /Liberty ChristianFlower Mound, TX","WR",90.2,"Penn State Nittany Lions",114000,118000,"Big Ten"
"787","Marcus Rosemy-Jacksaint","WR /St. Thomas AquinasFort Lauderdale, FL","WR",94.97,"Georgia Bulldogs",111000,36000,"SEC"
"788","Noah Thomas","WR /Clear SpringsLeague City, TX","WR",89.28,"Texas A&M Aggies",110000,88000,"SEC"
"789","Traeshon Holden","WR /NarbonneHarbor City, CA","WR",91.84,"Oregon Ducks",110000,89000,"Pac-12"
"790","Kentron Poitier","WR /Miami PalmettoMiami, FL","WR",88.1,"Florida State Seminoles",109000,8100,"ACC"
"791","Jordan Watkins","WR /Butler TraditionalLouisville, KY","WR",85.07,"Ole Miss Rebels",109000,42000,"SEC"
"792","Bucky Irving","RB /HillcrestCountry Club Hills, IL","RB",89.9,"Oregon Ducks",908000,326000,"Pac-12"
"793","Blake Corum","RB /St. Frances AcademyLaurel, MD","RB",93.42,"Michigan Wolverines",858000,204000,"Big Ten"
"794","TreVeyon Henderson","RB /HopewellHopewell, VA","RB",97.5,"Ohio State Buckeyes",646000,142000,"Big Ten"
"795","Omarion Hampton","RB /ClevelandClayton, NC","RB",93.38,"North Carolina Tar Heels",632000,22000,"ACC"
"796","Audric Estime","RB /St Joseph RegionalMontvale, NJ","RB",91.31,"Notre Dame Fighting Irish",592000,46000,"Independent"
"797","Ollie Gordon","RB /TrinityEuless, TX","RB",91.44,"Oklahoma State Cowboys",591000,12400,"Big 12"
"798","Jonathon Brooks","RB /HallettsvilleHallettsville, TX","RB",90.44,"Texas Longhorns",576000,32000,"Big 12"
"799","Jaylen Wright","RB /SouthernDurham, NC","RB",87.98,"Tennessee Volunteers",533000,16500,"SEC"
"800","Damien Martinez","RB /LewisvilleLewisville, TX","RB",87.38,"Oregon State Beavers",502000,4300,"Pac-12"
"801","Quinshon Judkins","RB /Pike RoadPike Road, AL","RB",88.28,"Ole Miss Rebels",493000,158000,"SEC"
"802","Jawhar Jordan","RB /HamiltonChandler, AZ","RB",85.97,"Louisville Cardinals",487000,5100,"ACC"
"803","Tahj Brooks","RB /ManorManor, TX","RB",86.53,"Texas Tech Red Raiders",457000,17800,"Big 12"
"804","CJ Baxter Jr.","RB /EdgewaterOrlando, FL","RB",97.26,"Texas Longhorns",449000,41000,"Big 12"
"805","Braelon Allen","RB /Fond Du LacFond Du Lac, WI","RB",92.78,"Wisconsin Badgers",414000,137000,"Big Ten"
"806","Jaydn Ott","RB /NorcoNorco, CA","RB",89.97,"California Golden Bears",391000,18800,"Pac-12"
"807","Ashton Jeanty","RB /Lone StarFrisco, TX","RB",85.51,"Boise State Broncos",374000,1900,"Mountain West"
"809","Trey Benson","RB /St JosephGreenville, MS","RB",89.37,"Florida State Seminoles",370000,69000,"ACC"
"810","Ray Davis","RB /Blair AcademyBlairstown, NJ","RB",81.05,"Kentucky Wildcats",356000,12700,"SEC"
"811","Justice Haynes","RB /BufordRoswell, GA","RB",97.14,"Alabama Crimson Tide",351000,67000,"SEC"
"812","Devin Neal","RB /LawrenceLawrence, KS","RB",89.04,"Kansas Jayhawks",344000,5800,"Big 12"
"813","Trevor Etienne","RB /JenningsJennings, LA","RB",90.36,"Florida Gators",337000,80000,"SEC"
"814","MarShawn Lloyd","RB /DeMatha CatholicHyattsville, MD","RB",95.98,"Usc Trojans",285000,43000,"Pac-12"
"815","Blake Watson","RB /Green HopeCary, NC","RB",76.05,"Memphis Tigers",281000,3300,"American"
"816","Emani Bailey","RB /RyanDenton, TX","RB",82.6,"Tcu Horned Frogs",265000,3800,"Big 12"
"817","Daijun Edwards","RB /Colquitt CountyMoultrie, GA","RB",90.05,"Georgia Bulldogs",252000,11200,"SEC"
"818","Rueben Owens","RB /El CampoEl Campo, TX","RB",96.89,"Texas A&M Aggies",238000,50000,"SEC"
"819","Jase McClellan","RB /AledoAledo, TX","RB",95.88,"Alabama Crimson Tide",234000,7300,"SEC"
"820","Nick Singleton","RB /Governor MifflinReading, PA","RB",97.17,"Penn State Nittany Lions",231000,52000,"Big Ten"
"821","Ismail Mahdi","RB /Plano EastPlano, TX","RB",50,"Texas State Bobcats",228000,17900,"Sun Belt"
"822","Kyle Monangai","RB /Don Bosco PrepRamsey, NJ","RB",80.6,"Rutgers Scarlet Knights",215000,6500,"Big Ten"
"823","Kaytron Allen","RB /IMG AcademyNorfolk, VA","RB",93.48,"Penn State Nittany Lions",211000,23000,"Big Ten"
"824","Jaydon Blue","RB /Klein CainHouston, TX","RB",92.25,"Texas Longhorns",192000,10200,"Big 12"
"825","Rasheen Ali","RB /Shaker HeightsCleveland, OH","RB",50,"Marshall Thundering Herd",188000,5400,"Sun Belt"
"826","Peny Boone","RB /Martin Luther KingDetroit, MI","RB",89.07,"Toledo Rockets",186000,38000,"MAC"
"827","Richard Young","RB /Lehigh SeniorLehigh Acres, FL","RB",95.51,"Alabama Crimson Tide",172000,42000,"SEC"
"828","Dylan Edwards","RB /DerbyDerby, KS","RB",92.43,"Colorado Buffaloes",165000,144000,"Pac-12"
"829","Logan Diggs","RB /Archbishop RummelMetairie, LA","RB",88.37,"Lsu Tigers",158000,26000,"SEC"
"830","Kendall Milton","RB /BuchananClovis, CA","RB",95.8,"Georgia Bulldogs",156000,105000,"SEC"
"831","Jabari Small","RB /Briarcrest ChristianMemphis, TN","RB",87.1,"Tennessee Volunteers",149000,22000,"SEC"
"832","Miyan Williams","RB /Winton WoodsCincinnati, OH","RB",86.3,"Ohio State Buckeyes",142000,66000,"Big Ten"
"833","Frank Gore Jr.","RB /KillianMiami, FL","RB",82.9,"Southern Miss Golden Eagles",140000,39000,"Sun Belt"
"834","Makhi Hughes","RB /HuffmanBirmingham, AL","RB",83.01,"Tulane Green Wave",135000,1400,"American"
"835","Quinton Cooley","RB /Southern NashBailey, NC","RB",83.23,"Liberty Flames",133000,34000,"C-USA"
"836","Jeremiyah Love","RB /Christian Brothers CollegeSaint Louis, MO","RB",94.88,"Notre Dame Fighting Irish",129000,10000,"Independent"
"837","Roderick Robinson II","RB /LincolnSan Diego, CA","RB",93.03,"Georgia Bulldogs",129000,19100,"SEC"
"838","Jonah Coleman","RB /LincolnStockton, CA","RB",88.05,"Arizona Wildcats",129000,229000,"Pac-12"
"839","Dante Dowdell","RB /Picayune MemorialPicayune, MS","RB",93.36,"Oregon Ducks",127000,21000,"Pac-12"
"840","Cole Cabana","RB /DexterDexter, MI","RB",92.06,"Michigan Wolverines",122000,42000,"Big Ten"
"841","Dillon Johnson","RB /St JosephGreenville, MS","RB",88.7,"Washington Huskies",120000,23000,"Pac-12"
"842","Quinten Joyner","RB /ManorManor, TX","RB",92.18,"Usc Trojans",119000,3200,"Pac-12"
"843","Cameron Seldon","RB /NorthumberlandHeathsville, VA","RB",93.33,"Tennessee Volunteers",119000,4600,"SEC"
"844","Rodney Hill","RB /Bulloch AcademyStatesboro, GA","RB",88.22,"Florida State Seminoles",117000,17000,"ACC"
"845","Jeremiah Cobb","RB /Montgomery Catholic PreparatoryMontgomery, AL","RB",93.53,"Auburn Tigers",116000,7200,"SEC"
"846","Jarquez Hunter","RB /Neshoba CentralPhiladelphia, MS","RB",85.93,"Auburn Tigers",114000,41000,"SEC"
"847","Roydell Williams","RB /Hueytown Hueytown, AL","RB",94.5,"Alabama Crimson Tide",114000,21000,"SEC"
"848","LeQuint Allen","RB /MillvilleMillville, NJ","RB",85.85,"Syracuse Orange",114000,12800,"ACC"
"849","Montrell Johnson","RB /De La SalleNew Orleans, LA","RB",85,"Florida Gators",113000,22000,"SEC"
"850","Donovan Edwards","RB /West BloomfieldWest Bloomfield, MI","RB",96.61,"Michigan Wolverines",112000,75000,"Big Ten"
"851","Kedrick Reescano","RB /New CaneyNew Caney, TX","RB",93.53,"Ole Miss Rebels",110000,6400,"SEC"
"852","Carson Steele","RB /Center GroveGreenwood, IN","RB",50,"Ucla Bruins",109000,12900,"Pac-12"
"853","Will Shipley","RB /WeddingtonMatthews, NC","RB",96.56,"Clemson Tigers",108000,96000,"ACC"
"854","Amari Daniels","RB /Miami CentralMiami, FL","RB",91.32,"Texas A&M Aggies",108000,19000,"SEC"
"855","Gabe Ervin Jr.","RB /BufordBuford, GA","RB",87.78,"Nebraska Cornhuskers",107000,19200,"Big Ten"
"856","Corey Kiner","RB /Roger BaconCincinnati, OH","RB",92.63,"Cincinnati Bearcats",106000,39000,"Big 12"
"857","Rahmir Johnson","RB /Bergen CatholicOradell, NJ","RB",89,"Nebraska Cornhuskers",101000,14500,"Big Ten"
"858","Kaleb Jackson","RB /Liberty Magnet High SchoolBaton Rouge, LA","RB",92.26,"Lsu Tigers",100000,4900,"SEC"
"859","Daylan Smothers","RB /West CharlotteCharlotte, NC","RB",89.49,"Oklahoma Sooners",98000,95000,"Big 12"
"860","Trey Holly","RB /Union ParishFarmerville, LA","RB",91.06,"Lsu Tigers",97000,26000,"SEC"
"861","Dakereon Joyner","RB /Fort DorchesterNorth Charleston, SC","RB",91.11,"South Carolina Gamecocks",97000,66000,"SEC"
"862","Josh Williams","RB /The Kinkaid SchoolHouston, TX","RB",77.27,"Lsu Tigers",95000,25000,"SEC"
"865","Ulysses Bentley","RB /C.E. KingHouston, TX","RB",82.1,"Ole Miss Rebels",88000,12200,"SEC"
"866","Treyaun Webb","RB /Trinity Christian AcademyJacksonville, FL","RB",89.76,"Florida Gators",88000,32000,"SEC"
"867","Le'Veon Moss","RB /Istrouma SeniorBaton Rouge, LA","RB",94.77,"Texas A&M Aggies",84000,3200,"SEC"
"868","A'Marion Peterson","RB /HirschiWichita Falls, TX","RB",89.3,"Usc Trojans",78000,1800,"Pac-12"
"869","Emeka Megwa","RB /Timber CreekKeller, TX","RB",89.5,"Oklahoma Sooners",77000,34000,"Big 12"
"870","Marquez Cooper","RB /Quince OrchardGaithersburg, MD","RB",78.21,"Ball State Cardinals",75000,2100,"MAC"
"871","Trey Sanders","RB /IMG AcademyBradenton, FL","RB",98.21,"Tcu Horned Frogs",74000,60000,"Big 12"
"872","Raheim Sanders","RB /RockledgeRockledge, FL","RB",90.24,"Arkansas Razorbacks",73000,36000,"SEC"
"873","Jovantae Barnes","RB /Desert PinesLas Vegas, NV","RB",94.01,"Oklahoma Sooners",72000,12800,"Big 12"
"874","Marcus Major","RB /MillwoodOklahoma City, OK","RB",90.12,"Oklahoma Sooners",71000,10700,"Big 12"
"875","CJ Stokes","RB /Hammond SchoolColumbia, SC","RB",86.2,"Michigan Wolverines",70000,15000,"Big Ten"
"877","Ramon Jefferson","RB /Harry S TrumanBronx, NY","RB",50,"Kentucky Wildcats",69000,30000,"SEC"
"878","Henry Parrish","RB /ColumbusMiami, FL","RB",90.69,"Miami Hurricanes",69000,14100,"ACC"
"879","Kavosiey Smoke","RB /WetumpkaWetumpka, AL","RB",86.53,"Colorado Buffaloes",69000,39000,"Pac-12"
"880","Dylan Sampson","RB /DutchtownGeismar, LA","RB",89.05,"Tennessee Volunteers",68000,8500,"SEC"
"881","Jayden Limar","RB /Lake StevensLake Stevens, WA","RB",90.5,"Oregon Ducks",67000,9600,"Pac-12"
"883","Pierce Hudgens","RB /Flower MoundFlower Mound, TX","RB",50,"Oklahoma Sooners",66000,3100,"Big 12"
"884","Isaiah Augustave","RB /NaplesNaples, FL","RB",90.45,"Arkansas Razorbacks",66000,2800,"SEC"
"885","Bentavious Thompson","RB /Miami SouthridgeMiami, FL","RB",86.87,"Oklahoma Sooners",65000,4500,"Big 12"
"886","Phil Mafah","RB /GraysonLoganville, GA","RB",91.95,"Clemson Tigers",64000,22000,"ACC"
"887","AJ Green","RB /UnionTulsa, OK","RB",92.92,"Arkansas Razorbacks",64000,24000,"SEC"
"888","Juju McDowell","RB /Lee CountyLeesburg, GA","RB",86.72,"South Carolina Gamecocks",64000,12600,"SEC"
"889","Tavierre Dunlap","RB /Del ValleDel Valle, TX","RB",89.28,"Michigan Wolverines",64000,5600,"Big Ten"
"890","TreVonte' Citizen","RB /Lake Charles College PrepLake Charles, LA","RB",94.52,"Miami Hurricanes",64000,10300,"ACC"
"891","Djay Braswell","RB /Washington CountySandersville, GA","RB",91.19,"South Carolina Gamecocks",63000,2500,"SEC"
"892","Shedeur Sanders","QB /Trinity Christian SchoolCedar Hill, TX","QB",89.16,"Colorado Buffaloes",4400000,2400000,"Pac-12"
"893","Arch Manning","QB /Isidore NewmanNew Orleans, LA","QB",99.53,"Texas Longhorns",2800000,283000,"Big 12"
"894","Caleb Williams","QB /Gonzaga Washington, DC","QB",98.76,"Usc Trojans",2800000,362000,"Pac-12"
"895","Bo Nix","QB /Scottsboro SchPinson, AL","QB",96.61,"Oregon Ducks",1600000,246000,"Pac-12"
"896","Spencer Rattler","QB /PinnaclePhoenix, AZ","QB",97.85,"South Carolina Gamecocks",1600000,574000,"SEC"
"897","Jayden Daniels","QB /CajonSan Bernardino, CA","QB",95.6,"Lsu Tigers",1500000,136000,"SEC"
"898","Jalen Milroe","QB /TompkinsKaty, TX","QB",94.5,"Alabama Crimson Tide",1300000,156000,"SEC"
"899","J.J. McCarthy","QB /IMG AcademyLa Grange Park, IL","QB",96.08,"Michigan Wolverines",1200000,332000,"Big Ten"
"900","Michael Penix Jr.","QB /Tampa Bay TechTampa, FL","QB",87.4,"Washington Huskies",1200000,66000,"Pac-12"
"901","Drake Maye","QB /Myers ParkCharlotte, NC","QB",96.11,"North Carolina Tar Heels",1200000,89000,"ACC"
"902","Jordan Travis","QB /The Benjamin SchoolNorth Palm Beach, FL","QB",85,"Florida State Seminoles",1200000,199000,"ACC"
"903","Quinn Ewers","QB /Southlake CarrollSouthlake, TX","QB",99.24,"Texas Longhorns",1100000,236000,"Big 12"
"904","Carson Beck","QB /MandarinJacksonville, FL","QB",91.28,"Georgia Bulldogs",1100000,103000,"SEC"
"905","Dillon Gabriel","QB /MililaniMililani, HI","QB",86.8,"Oklahoma Sooners",1100000,126000,"Big 12"
"906","Sam Hartman","QB /Oceanside Collegiate AcademyMount Pleasant, SC","QB",85.63,"Notre Dame Fighting Irish",1100000,356000,"Independent"
"907","Nico Iamaleava","QB /WarrenLong Beach, CA","QB",99.01,"Tennessee Volunteers",1100000,333000,"SEC"
"908","Jaxson Dart","QB /Corner CanyonDraper, UT","QB",96.23,"Ole Miss Rebels",883000,102000,"SEC"
"909","Kyle McCord","QB /St. Joseph'sPhiladelphia, PA","QB",97.08,"Ohio State Buckeyes",857000,91000,"Big Ten"
"910","DJ Uiagalelei","QB /St. John BoscoBellflower, CA","QB",98.32,"Oregon State Beavers",842000,195000,"Pac-12"
"911","Malachi Nelson","QB /Los AlamitosLos Alamitos, CA","QB",98.8,"Usc Trojans",833000,169000,"Pac-12"
"912","Dante Moore","QB /Martin Luther KingDetroit, MI","QB",99.22,"Ucla Bruins",832000,68000,"Pac-12"
"913","Brady Cook","QB /Chaminade College PrepSaint Louis, MO","QB",86.5,"Missouri Tigers",793000,29000,"SEC"
"914","Jackson Arnold","QB /GuyerDenton, TX","QB",98.94,"Oklahoma Sooners",748000,58000,"Big 12"
"916","Drew Allar","QB /MedinaMedina, OH","QB",97.15,"Penn State Nittany Lions",649000,110000,"Big Ten"
"917","Cameron Ward","QB /ColumbiaWest Columbia, TX","QB",50,"Washington State Cougars",629000,119000,"Pac-12"
"918","Taulia Tagovailoa","QB /ThompsonAlabaster, AL","QB",91.89,"Maryland Terrapins",590000,154000,"Big Ten"
"919","Joe Milton","QB /OlympiaOrlando, FL","QB",90.9,"Tennessee Volunteers",590000,125000,"SEC"
"921","Joey Aguilar","QB /FreedomOakley, CA","QB",87.04,"Appalachian State Mountaineers",498000,1200,"Sun Belt"
"922","Michael Pratt","QB /Deerfield BeachDeerfield Beach, FL","QB",83.37,"Tulane Green Wave",465000,17400,"American"
"923","Jack Plummer","QB /GilbertGilbert, AZ","QB",87.5,"Louisville Cardinals",451000,7500,"ACC"
"924","Jaden Rashada","QB /PittsburgPittsburg, CA","QB",95.06,"Arizona State Sun Devils",400000,42000,"Pac-12"
"925","KJ Jefferson","QB /North PanolaSardis, MS","QB",90.27,"Arkansas Razorbacks",380000,53000,"SEC"
"926","Preston Stone","QB /Parish Episcopal SchoolDallas, TX","QB",93.27,"Smu Mustangs",376000,19200,"American"
"927","Eli Holstein","QB /ZacharyZachary, LA","QB",94.65,"Alabama Crimson Tide",374000,11100,"SEC"
"928","Devin Leary","QB /Timber CreekSicklerville, NJ","QB",89.62,"Kentucky Wildcats",368000,41000,"SEC"
"929","Cade Klubnik","QB /WestlakeAustin, TX","QB",97.56,"Clemson Tigers",361000,118000,"ACC"
"930","Noah Fifita","QB /ServiteAnaheim, CA","QB",87.85,"Arizona Wildcats",353000,10000,"Pac-12"
"931","Christopher Vizzina","QB /Briarwood ChristianBirmingham, AL","QB",94.59,"Clemson Tigers",353000,30000,"ACC"
"933","Kaidon Salter","QB /Cedar HillCedar Hill, TX","QB",92.8,"Tennessee Volunteers",333000,20000,"SEC"
"934","Conner Weigman","QB /BridgelandCypress, TX","QB",97.08,"Texas A&M Aggies",328000,43000,"SEC"
"935","Avery Johnson","QB /MaizeMaize, KS","QB",94.11,"Kansas State Wildcats",314000,81000,"Big 12"
"936","Haynes King","QB /LongviewLongview, TX","QB",93.13,"Georgia Tech Yellow Jackets",307000,26000,"ACC"
"938","Jalon Daniels","QB /LawndaleLawndale, CA","QB",79.82,"Kansas Jayhawks",281000,98000,"Big 12"
"940","Austin Novosad","QB /Dripping SpringsDripping Springs, TX","QB",93.8,"Oregon Ducks",257000,15000,"Pac-12"
"941","TJ Finley","QB /PonchatoulaPonchatoula, LA","QB",88.67,"Texas State Bobcats",253000,71000,"Sun Belt"
"942","Riley Leonard","QB /FairhopeFairhope, AL","QB",87.6,"Duke Blue Devils",247000,22000,"ACC"
"943","Maalik Murphy","QB /Junipero SerraGardena, CA","QB",91.7,"Texas Longhorns",239000,46000,"Big 12"
"944","Seth Henigan","QB /RyanDenton, TX","QB",83.17,"Memphis Tigers",234000,3600,"American"
"945","Dylan Lonergan","QB /BrookwoodSnellville, GA","QB",92.74,"Alabama Crimson Tide",182000,10400,"SEC"
"946","JJ Kohl","QB /AnkenyAnkeny, IA","QB",92.89,"Iowa State Cyclones",180000,6600,"Big 12"
"947","Jayden Maiava","QB /KaimukiHonolulu, HI","QB",85.03,"Unlv Rebels",176000,673,"Mountain West"
"948","Dequann Finn","QB /Martin Luther KingDetroit, MI","QB",83.68,"Toledo Rockets",174000,10500,"MAC"
"949","Garrett Nussmeier","QB /MarcusFlower Mound, TX","QB",94.54,"Lsu Tigers",174000,302000,"SEC"
"950","Rocco Becht","QB /Wiregrass RanchZephyrhills, FL","QB",87.31,"Iowa State Cyclones",170000,7400,"Big 12"
"951","Frank Harris","QB /Samuel ClemensSchertz, TX","QB",81.13,"Utsa Roadrunners",158000,19000,"American"
"952","Aidan Chiles","QB /DowneyDowney, CA","QB",92.76,"Oregon State Beavers",154000,5800,"Pac-12"
"953","Brock Vandagriff","QB /Prince Avenue Christian SchoolBogart, GA","QB",97.23,"Georgia Bulldogs",152000,62000,"SEC"
"954","Robby Ashford","QB /HooverHoover, AL","QB",89.95,"Auburn Tigers",148000,56000,"SEC"
"955","Ty Simpson","QB /WestviewMartin, TN","QB",97.24,"Alabama Crimson Tide",144000,41000,"SEC"
"957","Cade McNamara","QB /Damonte RanchReno, NV","QB",90.44,"Iowa Hawkeyes",139000,113000,"Big Ten"
"958","Payton Thorne","QB /Naperville CentralNaperville, IL","QB",83.53,"Auburn Tigers",139000,39000,"SEC"
"959","Jeff Sims","QB /SandalwoodJacksonville, FL","QB",90.6,"Nebraska Cornhuskers",135000,40000,"Big Ten"
"960","Devin Brown","QB /Corner CanyonDraper, UT","QB",97,"Ohio State Buckeyes",133000,27000,"Big Ten"
"961","Kenny Minchey","QB /Pope John Paul IIHendersonville, TN","QB",92.56,"Notre Dame Fighting Irish",131000,6900,"Independent"
"963","Alex Orji","QB /SachseSachse, TX","QB",89.08,"Michigan Wolverines",124000,96000,"Big Ten"
"964","Lincoln Kienholz","QB /T.F. RiggsPierre, SD","QB",91.99,"Ohio State Buckeyes",123000,8200,"Big Ten"
"965","John Rhys Plumlee","QB /Oak GroveHattiesburg, MS","QB",89.76,"Ucf Knights",122000,162000,"Big 12"
"966","Austin Simmons","QB /Moore Haven Junior/seniorPahokee, FL","QB",91.01,"Ole Miss Rebels",119000,19000,"SEC"
"967","General Booty","QB /AllenAllen, TX","QB",50,"Oklahoma Sooners",119000,49000,"Big 12"
"968","Malik Cunningham","QB /Park CrossingMontgomery, AL","QB",87.76,"Louisville Cardinals",119000,69000,"ACC"
"969","Beau Pribula","QB /Central YorkYork, PA","QB",88.5,"Penn State Nittany Lions",119000,25000,"Big Ten"
"970","Tate Rodemaker","QB /ValdostaValdosta, GA","QB",86.27,"Florida State Seminoles",115000,14400,"ACC"
"971","Miller Moss","QB /Bishop AlemanyMission Hills, CA","QB",94.81,"Usc Trojans",114000,15300,"Pac-12"
"972","Spencer Sanders","QB /RyanDenton, TX","QB",92.38,"Ole Miss Rebels",114000,38000,"SEC"
"973","Max Brown","QB /Lincoln Christian SchoolTulsa, OK","QB",84.62,"Florida Gators",111000,9500,"SEC"
"974","Emory Jones","QB /Heard CountyFranklin, GA","QB",94.09,"Cincinnati Bearcats",111000,97000,"Big 12"
"975","Rickie Collins","QB /WoodlawnBaton Rouge, LA","QB",91.38,"Lsu Tigers",109000,15800,"SEC"
"976","Jake Garcia","QB /GraysonLoganville, GA","QB",95.87,"Missouri Tigers",108000,71000,"SEC"
"977","JT Daniels","QB /Mater DeiSanta Ana, CA","QB",97.81,"Rice Owls",106000,100000,"American"
"978","Heinrich Haarberg","QB /Kearney CatholicKearney, NE","QB",88.27,"Nebraska Cornhuskers",105000,10000,"Big Ten"
"979","Marcel Reed","QB /Montgomery Bell AcademyNashville, TN","QB",90.07,"Texas A&M Aggies",105000,15900,"SEC"
"980","Gunner Stockton","QB /Rabun CountyTiger, GA","QB",93.11,"Georgia Bulldogs",101000,40000,"SEC"
"981","Pierce Clarkson","QB /St. John BoscoBellflower, CA","QB",89.28,"Louisville Cardinals",97000,49000,"ACC"
"982","Harrison Bailey","QB /MariettaMarietta, GA","QB",94.96,"Louisville Cardinals",93000,51000,"ACC"
"983","Austin Mack","QB /FolsomFolsom, CA","QB",91.82,"Washington Huskies",91000,1600,"Pac-12"
"984","Ty Thompson","QB /MesquiteGilbert, AZ","QB",96.79,"Oregon Ducks",89000,37000,"Pac-12"
"985","Chase Griffin","QB /HuttoHutto, TX","QB",83.1,"Ucla Bruins",87000,68000,"Pac-12"
"986","Ryan Hilinski","QB /Orange LutheranOrange, CA","QB",95.19,"Northwestern Wildcats",85000,70000,"Big Ten"
"987","Luke Doty","QB /Myrtle Beach Myrtle Beach, SC","QB",94.47,"South Carolina Gamecocks",85000,28000,"SEC"
"988","Jacurri Brown","QB /LowndesValdosta, GA","QB",90.04,"Miami Hurricanes",84000,25000,"ACC"
"989","Walker Howard","QB /St. Thomas MoreLafayette, LA","QB",96.3,"Ole Miss Rebels",83000,39000,"SEC"
"991","Davis Beville","QB /GreenvilleGreenville, SC","QB",87.47,"Oklahoma Sooners",82000,13300,"Big 12"
