"","Name","High School","Position","Rating","College","NIL Valuation","Followers"
"1","Travis Hunter","CB /Collins HillSuwanee, GA","CB",99.56,"Colorado Buffaloes",2300000,1900000
"2","Kool-Aid McKinstry","CB /Pinson ValleyPinson, AL","CB",97.83,"Alabama Crimson Tide",803000,175000
"3","Kris Abrams-Draine","CB /Spanish FortSpanish Fort, AL","CB",89.33,"Missouri Tigers",640000,4900
"4","Denzel Burke","CB /SaguaroScottsdale, AZ","CB",92.1,"Ohio State Buckeyes",635000,35000
"5","Cooper DeJean","CB /Battle Creek-Ida GroveIda Grove, IA","CB",90.36,"Iowa Hawkeyes",609000,52000
"6","DJ James","CB /Spanish FortSpanish Fort, AL","CB",87.2,"Auburn Tigers",547000,17400
"7","Benjamin Morrison","CB /Brophy College PreparatoryPhoenix, AZ","CB",89.75,"Notre Dame Fighting Irish",529000,8700
"8","Mike Sainristil","CB /EverettEverett, MA","CB",87.5,"Michigan Wolverines",527000,55000
"9","Cormani McClain","CB /LakelandLakeland, FL","CB",98.16,"Colorado Buffaloes",505000,161000
"10","Terrion Arnold","CB /John Paul II CatholicTallahassee, FL","CB",96.57,"Alabama Crimson Tide",502000,281000
"11","Jahdae Barron","CB /Pflugerville ConnallyAustin, TX","CB",88.73,"Texas Longhorns",481000,4200
"12","Kamal Hadden","CB /River RougeRiver Rouge, MI","CB",86.04,"Tennessee Volunteers",477000,12500
"13","Kalen King","CB /Cass TechnicalDetroit, MI","CB",92.3,"Penn State Nittany Lions",477000,27000
"14","Dwight McGlothern","CB /Klein OakSpring, TX","CB",90.37,"Arkansas Razorbacks",453000,31000
"15","T.J. Tampa","CB /LakewoodSaint Petersburg, FL","CB",84.03,"Iowa State Cyclones",436000,24000
"16","Khyree Jackson","CB /Dr. Henry WiseUpper Marlboro, MD","CB",90.42,"Oregon Ducks",406000,41000
"17","Dezz Ricks","CB /IMG AcademyChesapeake, VA","CB",97.69,"Alabama Crimson Tide",395000,31000
"18","Josh Newton","CB /Ouachita ParishMonroe, LA","CB",76.05,"Tcu Horned Frogs",376000,5000
"19","Christian Roland-Wallace","CB /William KnightPalmdale, CA","CB",84.7,"Usc Trojans",361000,2500
"20","Kamari Lassiter","CB /American Christian Tuscaloosa, AL","CB",91.29,"Georgia Bulldogs",337000,26000
"21","Maxwell Hairston","CB /West BloomfieldWest Bloomfield, MI","CB",84.7,"Kentucky Wildcats",293000,16100
"22","Chau Smith-Wade","CB /Simeon Vocational HSChicago, IL","CB",83.43,"Washington State Cougars",290000,999
"23","Malik Muhammad","CB /South Oak CliffDallas, TX","CB",96.22,"Texas Longhorns",256000,43000
"24","Fentrell Cypress","CB /NorthwesternRock Hill, SC","CB",85.23,"Florida State Seminoles",251000,4200
"25","Zamari Walton","CB /Melbourne Central CatholicMelbourne, FL","CB",83.4,"Ole Miss Rebels",249000,19900
"26","Ennis Rakestraw","CB /DuncanvilleDuncanville, TX","CB",84.7,"Missouri Tigers",245000,22000
"27","Sebastian Castro","CB /H L RichardsOak Lawn, IL","CB",86.13,"Iowa Hawkeyes",243000,2500
"28","Nate Wiggins","CB /WestlakeAtlanta, GA","CB",93.59,"Clemson Tigers",236000,21000
"29","Will Johnson","CB /Grosse Pointe SouthGrosse Pointe, MI","CB",97.83,"Michigan Wolverines",224000,58000
"30","Quinyon Mitchell","CB /WillistonWilliston, FL","CB",82.08,"Toledo Rockets",224000,1000
"31","Alijah Huzzie","CB /Heard CountyFranklin, GA","CB",0,"North Carolina Tar Heels",224000,1300
"32","Davison Igbinosun","CB /UnionUnion, NJ","CB",92.79,"Ohio State Buckeyes",222000,41000
"33","Terrance Brooks","CB /Little ElmLittle Elm, TX","CB",95.9,"Texas Longhorns",221000,40000
"34","Julian Humphrey","CB /Clear LakeHouston, TX","CB",94.9,"Georgia Bulldogs",212000,458000
"35","Jaylin Davies","CB /Mater DeiSanta Ana, CA","CB",92.37,"Ucla Bruins",211000,14900
"36","Deantre Prince","CB /CharlestonCharleston, MS","CB",89.33,"Ole Miss Rebels",210000,15600
"37","Jermaine Mathews","CB /Winton WoodsCincinnati, OH","CB",96.23,"Ohio State Buckeyes",210000,40000
"38","Ceyair Wright","CB /LoyolaLos Angeles, CA","CB",94.95,"Usc Trojans",209000,69000
"39","Ryan Watts","CB /Little ElmLittle Elm, TX","CB",91.93,"Recruits",207000,64000
"40","A.J. Harris","CB /CentralPhenix City, AL","CB",96.6,"Georgia Bulldogs",203000,18200
"41","Kitan Crawford","CB /John TylerTyler, TX","CB",92.69,"Texas Longhorns",193000,6000
"42","Gavin Holmes","CB /Archbishop RummelMetairie, LA","CB",82.87,"Texas Longhorns",192000,3200
"43","Malik Dunlap","CB /Harding University HighCharlotte, NC","CB",81.9,"Texas Tech Red Raiders",189000,18600
"44","Mansoor Delane","CB /Archbishop SpaldingSevern, MD","CB",87.13,"Virginia Tech Hokies",185000,186000
"45","Greedy Vance","CB /Edna KarrNew Orleans, LA","CB",87.13,"Florida State Seminoles",185000,18600
"46","Beanie Bishop","CB /Pleasure Ridge ParkLouisville, KY","CB",78.55,"West Virginia Mountaineers",181000,1700
"47","Marcellas Dial","CB /WoodruffWoodruff, SC","CB",82.5,"South Carolina Gamecocks",179000,4300
"48","Ja'Keem Jackson","CB /OsceolaKissimmee, FL","CB",95.86,"Florida Gators",174000,15200
"49","Rodrick Pleasant","CB /Junipero SerraGardena, CA","CB",94.21,"Oregon Ducks",169000,26000
"50","Javien Toviano","CB /MartinArlington, TX","CB",95.69,"Lsu Tigers",165000,27000
"51","Warren Roberson","CB /Red OakRed Oak, TX","CB",90.89,"Texas Longhorns",160000,2700
"52","Bravion Rogers","CB /La GrangeLa Grange, TX","CB",94.27,"Texas Am Aggies",160000,14800
"53","Jelani McDonald","CB /ConnallyWaco, TX","CB",95.03,"Texas Longhorns",160000,7200
"54","Tahveon Nicholson","CB /Palmetto Prep (Prep School)Jacksonville, FL","CB",0,"Illinois Fighting Illini",156000,7600
"55","Quincy Riley","CB /A C FloraColumbia, SC","CB",83.5,"Louisville Cardinals",153000,7000
"56","Lance Robinson","CB /De La SalleNew Orleans, LA","CB",83.83,"Kansas State Wildcats",147000,8600
"57","Jayvon Thomas","CB /South Oak CliffDallas, TX","CB",93.44,"Texas Am Aggies",147000,6800
"58","Warren Burrell","CB /North GwinnettSuwanee, GA","CB",87.77,"Tennessee Volunteers",141000,11400
"59","Marquis Wilson","CB /Avon Old FarmsWindsor, CT","CB",89.67,"Recruits",141000,9600
"60","Christian Charles","CB /ChestateeGainesville, GA","CB",88.77,"Tennessee Volunteers",138000,4700
"61","Calvin Simpson-Hunt","CB /WaxahachieWaxahachie, TX","CB",95.69,"Ohio State Buckeyes",134000,3400
"62","Kayin Lee","CB /Cedar GroveEllenwood, GA","CB",93.56,"Auburn Tigers",134000,22000
"63","Jarvis Brownlee","CB /Miami Carol CityOpa Locka, FL","CB",87.73,"Louisville Cardinals",133000,6600
"64","Dijon Johnson","CB /WhartonTampa, FL","CB",93.69,"Florida Gators",132000,19700
"65","Jacobe Johnson","CB /MustangMustang, OK","CB",93.48,"Oklahoma Sooners",131000,12600
"66","Jaylon Braxton","CB /Lone StarFrisco, TX","CB",93.44,"Arkansas Razorbacks",129000,18500
"67","Daylen Austin","CB /Long Beach PolyLong Beach, CA","CB",93.93,"Oregon Ducks",126000,24000
"68","Jordan Matthews","CB /WoodlawnBaton Rouge, LA","CB",93.28,"Tennessee Volunteers",126000,14700
"69","Domani Jackson","CB /Mater DeiSanta Ana, CA","CB",98.57,"Usc Trojans",124000,36000
"70","Jarrian Jones","CB /Northwest RankinFlowood, MS","CB",91.05,"Recruits",122000,28000
"71","Elliot Washington","CB /VeniceVenice, FL","CB",92.72,"Penn State Nittany Lions",118000,29000
"72","Myles Jones","CB /Magnolia WestMagnolia, TX","CB",89.03,"Duke Blue Devils",118000,128000
"73","Christian Gray","CB /DeSmetSaint Louis, MO","CB",93.82,"Notre Dame Fighting Irish",116000,6800
"74","Tony Grimes","CB /Princess AnneVirginia Beach, VA","CB",97.64,"Texas Am Aggies",114000,30000
"75","Jordan Hancock","CB /North GwinnettSuwanee, GA","CB",95.58,"Ohio State Buckeyes",113000,22000
"76","Dorian Strong","CB /Dr. Henry WiseUpper Marlboro, MD","CB",82.23,"Virginia Tech Hokies",113000,2300
"77","Jyaire Hill","CB /KankakeeKankakee, IL","CB",92.68,"Michigan Wolverines",113000,12800
"78","Aydan White","CB /Christ SchoolArden, NC","CB",85.97,"Nc State Wolfpack",112000,2500
"79","Jaydon Hill","CB /Bob Jones Madison, AL","CB",90.55,"Florida Gators",111000,24000
"80","Aaron Williams","CB /St. John BoscoCorona, CA","CB",92.19,"Louisville Cardinals",111000,25000
"81","Daniel Harris","CB /Gulliver PrepMiami, FL","CB",92.74,"Georgia Bulldogs",111000,9800
"82","Jason Marshall","CB /Miami PalmettoMiami, FL","CB",96.88,"Florida Gators",111000,23000
"83","Deuce Harmon","CB /GuyerDenton, TX","CB",92.53,"Texas Am Aggies",110000,74000
"84","Renardo Green","CB /WekivaApopka, FL","CB",89,"Florida State Seminoles",110000,10000
"85","Shyheim Brown","CB /ColumbiaLake City, FL","CB",84.67,"Florida State Seminoles",109000,8000
"86","Akeem Dent","CB /Palm Beach CentralWest Palm Beach, FL","CB",95.89,"Florida State Seminoles",108000,6200
"87","Robert Stafford","CB /Eau GallieMelbourne, FL","CB",92.88,"Miami Hurricanes",107000,8400
"88","Keionte Scott","CB /HelixLa Mesa, CA","CB",92.62,"Auburn Tigers",107000,18000
"89","JaDarian Rhym","CB /ValdostaValdosta, GA","CB",92.81,"Auburn Tigers",106000,15200
"90","Devin Moore","CB /NaplesNaples, FL","CB",91.88,"Florida Gators",106000,16000
"91","Kevin Knowles II","CB /McArthurHollywood, FL","CB",88.21,"Florida State Seminoles",105000,4300
"92","Alex Johnson","CB /LoyolaLos Angeles, CA","CB",0,"Ucla Bruins",105000,1800
"93","Chris Peal","CB /Providence Day SchoolCharlotte, NC","CB",92.68,"Georgia Bulldogs",105000,3600
"94","Earl Little Jr.","CB /American HeritageFort Lauderdale, FL","CB",94.78,"Alabama Crimson Tide",105000,30000
"95","Tyreek Chappell","CB /NortheastPhiladelphia, PA","CB",88.55,"Texas Am Aggies",105000,13100
"96","Nehemiah Pritchett","CB /JacksonJackson, AL","CB",88.4,"Auburn Tigers",104000,13600
"97","DeShawn Gaddie Jr.","CB /LamarArlington, TX","CB",82.6,"Ole Miss Rebels",103000,160000
"98","Jalen Kimber","CB /Mansfield TimberviewArlington, TX","CB",93.46,"Florida Gators",103000,12200
"99","Sharif Denson","CB /Bartram TrailJacksonville, FL","CB",91.1,"Florida Gators",102000,18500
"100","Gavin Pringle","CB /Mount Saint JosephPhiladelphia, PA","CB",0,"Georgia State Panthers",101000,865
"101","Harold Perkins","LB /Cy ParkCypress, TX","LB",98.41,"Lsu Tigers",558000,58000
"102","Anthony Hill","LB /RyanDenton, TX","LB",97.87,"Texas Longhorns",497000,38000
"103","Abdul Carter","LB /La Salle CollegePhiladelphia, PA","LB",91.35,"Penn State Nittany Lions",478000,19200
"104","Justin Flowe","LB /UplandUpland, CA","LB",99.05,"Arizona Wildcats",448000,507000
"105","Payton Wilson","LB /OrangeHillsborough, NC","LB",94.94,"Nc State Wolfpack",435000,10800
"106","Cedric Gray","LB /Ardrey KellCharlotte, NC","LB",85.47,"North Carolina Tar Heels",429000,8400
"107","Deontae Lawson","LB /Mobile Christian SchoolMobile, AL","LB",96.08,"Alabama Crimson Tide",393000,22000
"108","Jeremiah Trotter Jr.","LB /St. Joseph'sPhiladelphia, PA","LB",96.77,"Clemson Tigers",385000,12700
"109","Marlowe Wax","LB /Mount Saint JosephBaltimore, MD","LB",83.7,"Syracuse Orange",385000,8200
"110","Nathaniel Watson","LB /MaplesvilleMaplesville, AL","LB",86.27,"Mississippi State Bulldogs",369000,4700
"111","Jett Johnson","LB /TupeloTupelo, MS","LB",84.37,"Mississippi State Bulldogs",350000,17100
"112","Danny Stutsman","LB /Foundation AcademyWinter Garden, FL","LB",89.46,"Oklahoma Sooners",326000,61000
"113","Tommy Eichenberg","LB /St IgnatiusCleveland, OH","LB",89.41,"Ohio State Buckeyes",323000,19600
"114","Edgerrin Cooper","LB /CovingtonCovington, LA","LB",92.38,"Texas Am Aggies",319000,41000
"115","Eugene Asante","LB /WestfieldChantilly, VA","LB",91.01,"Auburn Tigers",298000,19600
"116","Jaylan Ford","LB /Lone StarFrisco, TX","LB",83.17,"Texas Longhorns",296000,8800
"117","Trevin Wallace","LB /Wayne CountyJesup, GA","LB",94.25,"Kentucky Wildcats",292000,3500
"118","Suntarine Perkins","LB /RaleighRaleigh, MS","LB",98.14,"Ole Miss Rebels",280000,17100
"119","Curtis Jacobs","LB /McDonogh SchoolGlen Burnie, MD","LB",96.39,"Penn State Nittany Lions",271000,17600
"120","Qua Russaw","LB /Carver Montgomery, AL","LB",97.32,"Alabama Crimson Tide",268000,13500
"121","Tyrice Knight","LB /Lake GibsonLakeland, FL","LB",78.65,"Utep Miners",261000,1300
"122","Barrett Carter","LB /North GwinnettSuwanee, GA","LB",96.97,"Clemson Tigers",259000,26000
"123","Raylen Wilson","LB /LincolnTallahassee, FL","LB",97.26,"Georgia Bulldogs",249000,89000
"124","Smael Mondon","LB /Paulding CountyDallas, GA","LB",97.01,"Georgia Bulldogs",239000,23000
"125","Aaron Beasley","LB /Heard CountyFranklin, GA","LB",88.37,"Tennessee Volunteers",216000,12900
"126","Collin Oliver","LB /Santa FeEdmond, OK","LB",89.07,"Oklahoma State Cowboys",211000,5000
"127","C.J. Hicks","LB /Archbishop AlterDayton, OH","LB",98.14,"Ohio State Buckeyes",202000,161000
"128","Morice Blackwell","LB /MartinArlington, TX","LB",90.41,"Texas Longhorns",199000,18000
"129","Ty'Ron Hopper","LB /RoswellRoswell, GA","LB",94.91,"Missouri Tigers",195000,13600
"130","Jett Bush","LB /Strake JesuitHouston, TX","LB",77.55,"Texas Longhorns",195000,15600
"131","Steele Chambers","LB /Blessed Trinity CatholicRoswell, GA","LB",91.58,"Ohio State Buckeyes",194000,12800
"132","David Gbenda","LB /Cinco RanchKaty, TX","LB",92.4,"Texas Longhorns",192000,2800
"133","Francisco Mauigoa","LB /TafunaIliâ€™ili, AS","LB",82.83,"Miami Hurricanes",191000,3100
"134","Trezmen Marshall","LB /Clinch CountyHomerville, GA","LB",93.12,"Alabama Crimson Tide",191000,12100
"135","Derion Gullette","LB /TeagueMarlin, TX","LB",93.34,"Texas Longhorns",188000,14500
"136","Maema Njongmeta","LB /Adlai StevensonLincolnshire, IL","LB",88.67,"Wisconsin Badgers",187000,4400
"137","Jamon Dumas-Johnson","LB /St. Frances AcademyBaltimore, MD","LB",91.17,"Georgia Bulldogs",175000,10200
"138","Junior Colson","LB /RavenwoodBrentwood, TN","LB",94.49,"Michigan Wolverines",172000,38000
"139","Marist Liufau","LB /PunahouHonolulu, HI","LB",88.73,"Notre Dame Fighting Irish",165000,9900
"140","Luke Reimer","LB /North StarLincoln, NE","LB",0,"Nebraska Cornhuskers",164000,6900
"141","Power Echols","LB /Julius L. ChambersCharlotte, NC","LB",92.6,"North Carolina Tar Heels",157000,9500
"142","Shemar James","LB /Faith AcademyMobile, AL","LB",95.78,"Florida Gators",156000,16600
"143","CJ Allen","LB /Lamar County ComprehensiveBarnesville, GA","LB",94.91,"Georgia Bulldogs",155000,24000
"144","Darius Muasau","LB /MililaniMililani, HI","LB",77.82,"Ucla Bruins",149000,2700
"145","Troy Bowles","LB /JesuitTampa, FL","LB",94.55,"Georgia Bulldogs",149000,23000
"146","Tackett Curtis","LB /ManyMany, LA","LB",93.62,"Usc Trojans",148000,11100
"147","Jihaad Campbell","LB /IMG AcademyBradenton, FL","LB",97.82,"Alabama Crimson Tide",146000,22000
"148","Tony Rojas","LB /FairfaxFairfax, VA","LB",94.45,"Penn State Nittany Lions",146000,18300
"149","Jay Higgins","LB /Brebeuf JesuitIndianapolis, IN","LB",81.6,"Iowa Hawkeyes",145000,6700
"150","Samuel Omosigho","LB /CrandallCrandall, TX","LB",95.31,"Oklahoma Sooners",145000,14800
"151","Kendrick Blackshire","LB /DuncanvilleDuncanville, TX","LB",91.95,"Alabama Crimson Tide",140000,72000
"152","Elijah Herring","LB /RiverdaleMurfreesboro, TN","LB",86.47,"Tennessee Volunteers",138000,5800
"153","Kalib Perry","LB /Great CrossingGeorgetown, KY","LB",86.17,"Tennessee Volunteers",138000,3900
"154","TJ Capers","LB /ColumbusMiami, FL","LB",93.27,"Louisville Cardinals",137000,24000
"155","Drayk Bowen","LB /AndreanMerrillville, IN","LB",94.14,"Notre Dame Fighting Irish",132000,32000
"156","Ashanti Cistrunk","LB /LouisvilleLouisville, MS","LB",86.8,"Recruits",131000,4300
"157","Arion Carter","LB /SmyrnaSmyrna, TN","LB",93.57,"Tennessee Volunteers",128000,5800
"158","Teradja Mitchell","LB /BaysideVirginia Beach, VA","LB",96.34,"Florida Gators",126000,48000
"159","Jack Kiser","LB /PioneerRoyal Center, IN","LB",89.01,"Notre Dame Fighting Irish",124000,7500
"160","Malik Bryant","LB /JonesOrlando, FL","LB",92.14,"Miami Hurricanes",118000,43000
"161","Whit Weeks","LB /Oconee CountyWatkinsville, GA","LB",93.05,"Lsu Tigers",115000,4400
"162","Kalen DeLoach","LB /IslandsSavannah, GA","LB",91.02,"Florida State Seminoles",114000,16000
"163","Derek Wingo","LB /St. Thomas AquinasFort Lauderdale, FL","LB",95.83,"Florida Gators",113000,29000
"164","Jamal Anderson","LB /Mill CreekHoschton, GA","LB",92.12,"Clemson Tigers",113000,13300
"165","Lewis Carter","LB /Tampa CatholicTampa, FL","LB",92.54,"Oklahoma Sooners",112000,14400
"166","Tatum Bethune","LB /Miami CentralMiami, FL","LB",82.53,"Florida State Seminoles",111000,9000
"167","Jaren Kanak","LB /HaysHays, KS","LB",93.03,"Oklahoma Sooners",111000,192000
"168","Jordan Hall","LB /IMG AcademyFredericksburg, VA","LB",92.17,"Michigan State Spartans",111000,13600
"169","Cody Simon","LB /St. Peters PrepJersey City, NJ","LB",95.19,"Ohio State Buckeyes",111000,15500
"170","Omar Graham Jr.","LB /StranahanFort Lauderdale, FL","LB",87.53,"Florida State Seminoles",110000,21000
"171","Lander Barton","LB /BrightonSalt Lake City, UT","LB",95.4,"Utah Utes",108000,4400
"172","Mason Cobb","LB /ProvoProvo, UT","LB",83.4,"Usc Trojans",107000,15900
"173","MJ Sherman","LB /St. John'sBaltimore, MD","LB",96.56,"Nebraska Cornhuskers",106000,22000
"174","Keon Wylie","LB /Imhotep InstitutePhiladelphia, PA","LB",88.05,"Penn State Nittany Lions",104000,20000
"175","Johnny Hodges","LB /Quince OrchardGaithersburg, MD","LB",0,"Recruits",104000,3100
"176","Austin Keys","LB /SeminarySeminary, MS","LB",85.55,"Auburn Tigers",103000,17100
"177","Blake Nichelson","LB /MantecaRipon, CA","LB",92.49,"Florida State Seminoles",101000,16600
"178","Jalon Walker","LB /SalisburySalisbury, NC","LB",96.07,"Georgia Bulldogs",101000,23000
"179","Cam Riley","LB /HillcrestEvergreen, AL","LB",90.69,"Auburn Tigers",101000,9400
"180","Wesley Steiner","LB /Houston CountyWarner Robins, GA","LB",93.86,"Auburn Tigers",1e+05,8400
"181","Arvell Reese","LB /GlenvilleCleveland, OH","LB",92.26,"Ohio State Buckeyes",99000,6800
"182","Brian Holloway","LB /Clear LakeHouston, TX","LB",0,"Texas State Bobcats",99000,603
"183","Eric Gentry","LB /Neumann GorettiPhiladelphia, PA","LB",87.22,"Usc Trojans",97000,1800
"184","Chris Russell","LB /DyersburgDyersburg, TN","LB",85.3,"Texas Am Aggies",96000,3300
"185","DJ Lundy","LB /Irwin CountyOcilla, GA","LB",84.7,"Florida State Seminoles",96000,4000
"186","Nick Henrich","LB /BurkeOmaha, NE","LB",93.37,"Nebraska Cornhuskers",96000,7500
"187","Kobe King","LB /Cass TechnicalDetroit, MI","LB",88.1,"Penn State Nittany Lions",95000,10800
"188","Xavian Sorey","LB /IMG AcademyBradenton, FL","LB",96.09,"Georgia Bulldogs",95000,13600
"189","Jaiden Ausberry","LB /University LabBaton Rouge, LA","LB",92.39,"Notre Dame Fighting Irish",94000,10700
"190","Dominic DeLuca","LB /WyomingPittston, PA","LB",0,"Recruits",94000,8700
"191","Grayson Howard","LB /Andrew JacksonJacksonville, FL","LB",92.3,"South Carolina Gamecocks",93000,14400
"192","Ta'Mere Robinson","LB /BrashearPittsburgh, PA","LB",91.19,"Penn State Nittany Lions",93000,14800
"193","Jaishawn Barham","LB /St. Frances AcademyDistrict Heights, MD","LB",93.23,"Maryland Terrapins",92000,7700
"194","Tyler Elsdon","LB /North SchuylkillFrackville, PA","LB",86.93,"Penn State Nittany Lions",91000,5400
"195","Quandarrius Robinson","LB /Jackson-OlinBirmingham, AL","LB",94.82,"Alabama Crimson Tide",89000,10800
"196","Khari Coleman","LB /G.W. CarverNew Orleans, LA","LB",86.83,"Ole Miss Rebels",89000,12600
"197","S'Maje Burrell","LB /North CrowleyFort Worth, TX","LB",90.17,"Texas Longhorns",89000,10300
"198","Darris Smith","LB /Appling CountyBaxley, GA","LB",93.95,"Georgia Bulldogs",89000,6300
"199","Monty Montgomery","LB /NorcrossNorcross, GA","LB",81.1,"Ole Miss Rebels",87000,10100
"200","Larry Nixon III","LB /RichlandNorth Richland Hills, TX","LB",78,"Auburn Tigers",85000,1500
"201","Byron Murphy II","DL /DeSotoDeSoto, TX","DL",89.53,"Texas Longhorns",555000,28000
"202","Walter Nolen","DL /PowellPowell, TN","DL",99.59,"Texas Am Aggies",541000,33000
"203","Jer'Zhan Newton","DL /Clearwater Central CatholicClearwater, FL","DL",83.8,"Illinois Fighting Illini",502000,6500
"204","Howard Cross","DL /St. Joseph Regional Montvale, NJ","DL",90,"Notre Dame Fighting Irish",499000,4600
"205","Bear Alexander","DL /IMG AcademyDenton, TX","DL",96.33,"Usc Trojans",464000,43000
"206","James Thompson Jr.","DL /Roger BaconCincinnati, OH","DL",82.6,"Wisconsin Badgers",451000,1800
"207","David Hicks","DL /PaetowKaty, TX","DL",98.98,"Texas Am Aggies",437000,24000
"208","Deone Walker","DL /Cass TechnicalDetroit, MI","DL",90.52,"Kentucky Wildcats",422000,11600
"209","Mekhi Wingo","DL /DeSmetSaint Louis, MO","DL",87.13,"Lsu Tigers",422000,11700
"210","T'Vondre Sweat","DL /HuntsvilleHuntsville, TX","DL",86.9,"Texas Longhorns",417000,14200
"211","T.J. Sanders","DL /MarionMarion, SC","DL",86.23,"South Carolina Gamecocks",391000,4400
"212","Mike Hall","DL /StreetsboroStreetsboro, OH","DL",95.56,"Ohio State Buckeyes",360000,29000
"213","Tyleik Williams","DL /Unity ReedManassas, VA","DL",92.67,"Ohio State Buckeyes",342000,18800
"214","Keith Randolph","DL /Belleville WestBelleville, IL","DL",87.13,"Illinois Fighting Illini",342000,8800
"215","Lee Hunter","DL /BlountEight Mile, AL","DL",94.34,"Ucf Knights",338000,15400
"216","Peter Woods","DL /ThompsonAlabaster, AL","DL",97.65,"Clemson Tigers",327000,30000
"217","Rylie Mills","DL /Lake ForestLake Forest, IL","DL",91.44,"Notre Dame Fighting Irish",320000,8100
"218","Dennis Briggs","DL /GatewayKissimmee, FL","DL",90.29,"Florida State Seminoles",297000,5400
"219","Patrick Jenkins","DL /John EhretMarrero, LA","DL",91.76,"Tulane Green Wave",294000,3800
"220","Dontay Corleone","DL /ColerainCincinnati, OH","DL",81.45,"Cincinnati Bearcats",281000,2900
"221","James Smith","DL /Carver Montgomery, AL","DL",97.38,"Alabama Crimson Tide",280000,9400
"222","Jaylon Hutchings","DL /ForneyForney, TX","DL",80.15,"Texas Tech Red Raiders",249000,3500
"223","Leonard Taylor","DL /Miami PalmettoMiami, FL","DL",98.68,"Miami Hurricanes",244000,29000
"224","DeWayne Carter","DL /Pickerington CentralPickerington, OH","DL",88.37,"Duke Blue Devils",240000,28000
"225","Jordan Hall","DL /WestsideJacksonville, FL","DL",97.33,"Georgia Bulldogs",239000,17500
"226","Mason Graham","DL /ServiteAnaheim, CA","DL",90.19,"Michigan Wolverines",238000,5600
"227","Jon Seaton","DL /HillsboroughHillsborough, NJ","DL",0,"Recruits",232000,1900000
"228","Kris Jenkins","DL /Our Lady Good Counsel HSOlney, MD","DL",88.07,"Michigan Wolverines",225000,11700
"229","Jared Ivey","DL /North GwinnettSuwanee, GA","DL",89.89,"Ole Miss Rebels",216000,5700
"230","Matayo Uiagalelei","DL /St. John BoscoBellflower, CA","DL",96.57,"Oregon Ducks",208000,40000
"231","Daevin Hobbs","DL /Jay M RobinsonConcord, NC","DL",96.17,"Tennessee Volunteers",207000,13100
"232","McKinnley Jackson","DL /George CountyLucedale, MS","DL",94.57,"Texas Am Aggies",205000,9300
"233","Darius Alexander","DL /WayneFort Wayne, IN","DL",78.77,"Toledo Rockets",202000,310
"234","Alfred Collins","DL /Cedar CreekBastrop, TX","DL",94.63,"Texas Longhorns",186000,10300
"235","Vernon Broughton","DL /Cy RidgeHouston, TX","DL",93.51,"Texas Longhorns",184000,7300
"236","Braden Fiske","DL /Michigan CityMichigan City, IN","DL",79.32,"Florida State Seminoles",182000,3100
"237","Tyler Davis","DL /WekivaApopka, FL","DL",92.72,"Clemson Tigers",181000,11000
"238","Nash Hutmacher","DL /ChamberlainChamberlain, SD","DL",0,"Nebraska Cornhuskers",163000,15900
"239","Judge Culpepper","DL /PlantTampa, FL","DL",88.7,"Toledo Rockets",161000,2200
"240","Nathan Pickering","DL /SeminarySeminary, MS","DL",94.53,"Mississippi State Bulldogs",157000,17700
"241","Jamree Kromah","DL /Charles Herbert FlowersUpper Marlboro, MD","DL",79.15,"Recruits",155000,1300
"242","Jordan Renaud","DL /Tyler LegacyTyler, TX","DL",95.28,"Alabama Crimson Tide",152000,6200
"243","Rueben Bain","DL /Miami CentralMiami, FL","DL",95.7,"Miami Hurricanes",144000,20000
"244","Sydir Mitchell","DL /Bergen CatholicOradell, NJ","DL",91.59,"Texas Longhorns",144000,14100
"245","Omari Thomas","DL /Briarcrest ChristianMemphis, TN","DL",94.21,"Tennessee Volunteers",138000,37000
"246","Vic Burley","DL /Warner RobinsWarner Robins, GA","DL",95.17,"Clemson Tigers",136000,13200
"247","Elijah Simmons","DL /Pearl-CohnNashville, TN","DL",87.47,"Tennessee Volunteers",136000,17800
"248","Hunter Osborne","DL /Hewitt-TrussvilleTrussville, AL","DL",92.51,"Alabama Crimson Tide",135000,28000
"249","Jason Moore","DL /DeMatha CatholicFort Washington, MD","DL",95.53,"Ohio State Buckeyes",132000,16000
"250","Kurott Garland","DL /HeritageConyers, GA","DL",83,"Tennessee Volunteers",130000,4100
"251","Keldric Faulk","DL /Highland HomeHighland Home, AL","DL",95.46,"Auburn Tigers",130000,12300
"252","Anthony Franklin","DL /PinnaclePhoenix, AZ","DL",81.57,"Stanford Cardinal",127000,1700
"253","Maason Smith","DL /TerrebonneHouma, LA","DL",98.04,"Lsu Tigers",125000,26000
"254","Dominic Bailey","DL /St. Frances AcademyBaltimore, MD","DL",91,"Tennessee Volunteers",124000,5100
"255","Jelani Stafford","DL /California AreaCoal Center, PA","DL",0,"Connecticut Huskies",124000,1000
"256","Andrew Depaepe","DL /Pleasant ValleyBettendorf, IA","DL",93.71,"Michigan State Spartans",124000,9000
"257","Stephiylan Green","DL /RomeRome, GA","DL",93.99,"Clemson Tigers",123000,5200
"258","Edric Hill","DL /North Kansas CityKansas City, MO","DL",92.53,"Alabama Crimson Tide",121000,3500
"259","Enow Etta","DL /Covenant Christian AcademyColleyville, TX","DL",93.59,"Michigan Wolverines",120000,6900
"260","Tony Bradford","DL /North ShoreHouston, TX","DL",82.97,"Texas Tech Red Raiders",117000,3800
"261","John Walker","DL /OsceolaKissimmee, FL","DL",94.2,"Ucf Knights",117000,8000
"262","Jowon Briggs","DL /Walnut HillsCincinnati, OH","DL",94.52,"Recruits",111000,4300
"263","Jordan Guerad","DL /BloomingdaleValrico, FL","DL",0,"Fiu Golden Panthers",111000,1400
"264","Ruke Orhorhoro","DL /River RougeRiver Rouge, MI","DL",86.23,"Clemson Tigers",109000,21000
"265","Desmond Watson","DL /ArmwoodSeffner, FL","DL",89.33,"Florida Gators",108000,36000
"266","Tyler Onyedim","DL /FosterRichmond, TX","DL",82.23,"Iowa State Cyclones",107000,2400
"267","Ty Hamilton","DL /Pickerington CentralPickerington, OH","DL",85.9,"Ohio State Buckeyes",106000,108000
"268","Mario Kendricks","DL /OsceolaKissimmee, FL","DL",84.97,"Virginia Tech Hokies",106000,5900
"269","Fabien Lovett","DL /Olive BranchOlive Branch, MS","DL",88.73,"Recruits",105000,15700
"270","Jamaal Jarrett","DL /GrimsleyGreensboro, NC","DL",92.39,"Georgia Bulldogs",103000,33000
"271","Will Norman","DL /EastsideCamden, NJ","DL",91.93,"Florida Gators",102000,40000
"272","Darrell Jackson","DL /Gadsden CountyHavana, FL","DL",85.93,"Florida State Seminoles",101000,7900
"273","Shemar Stewart","DL /Monsignor PaceOpa Locka, FL","DL",98.56,"Texas Am Aggies",1e+05,32000
"274","Gilber Edmond","DL /Fort Pierce WestwoodFort Pierce, FL","DL",82.53,"Florida State Seminoles",1e+05,4500
"275","LT Overton","DL /MiltonAlpharetta, GA","DL",98.24,"Texas Am Aggies",98000,23000
"276","Markis Deal","DL /Naaman ForestGarland, TX","DL",93.47,"Tcu Horned Frogs",97000,4300
"277","Chris McClellan","DL /OwassoOwasso, OK","DL",93.84,"Florida Gators",95000,14800
"278","Kyon Barrs","DL /Murrieta MesaMurrieta, CA","DL",0,"Usc Trojans",95000,6400
"279","Marcus Harris","DL /Park CrossingMontgomery, AL","DL",80.77,"Recruits",95000,12100
"280","Tyreak Sapp","DL /St. Thomas AquinasFort Lauderdale, FL","DL",93.39,"Florida Gators",95000,9200
"281","Jack Sullivan","DL /Plainfield EastPlainfield, IL","DL",82.87,"Usc Trojans",94000,1700
"282","Realus George Jr.","DL /Pace AcademyAtlanta, GA","DL",81.5,"Missouri Tigers",93000,13200
"283","Justin Rogers","DL /Oak ParkOak Park, MI","DL",96.05,"Auburn Tigers",93000,14300
"284","Albert Regis","DL /La PorteLa Porte, TX","DL",88.63,"Texas Am Aggies",93000,50000
"285","Caleb Banks","DL /SouthfieldSouthfield, MI","DL",84.1,"Florida Gators",93000,5100
"286","Isaiah Raikes","DL /St. Augustine PrepRichland, NJ","DL",89.02,"Texas Am Aggies",92000,18700
"287","Nazir Stackhouse","DL /ColumbiaDecatur, GA","DL",90.78,"Georgia Bulldogs",92000,76000
"288","Jayson Jones","DL /CaleraCalera, AL","DL",89.7,"Auburn Tigers",91000,10200
"289","Zykeivous Walker","DL /Schley CountyEllaville, GA","DL",94.49,"Recruits",91000,6900
"290","Darron Reed","DL /CarverColumbus, GA","DL",92.44,"Auburn Tigers",91000,4900
"291","Warren Brinson","DL /IMG AcademyBradenton, FL","DL",90.3,"Georgia Bulldogs",91000,25000
"292","Ty Robinson","DL /HigleyGilbert, AZ","DL",92.61,"Nebraska Cornhuskers",91000,10600
"293","Stanley Ta'ufo'ou","DL /Grace BrethrenSimi Valley, CA","DL",86.2,"Usc Trojans",91000,439
"294","Brenan Vernon","DL /MentorMentor, OH","DL",92.44,"Notre Dame Fighting Irish",90000,2800
"295","Ru'Quan Buckley","DL /Godwin Heights SeniorWyoming, MI","DL",87.73,"Nebraska Cornhuskers",89000,5600
"296","Mosiah Nasili-Kite","DL /Emerald RidgePuyallup, WA","DL",84.03,"Auburn Tigers",88000,788
"297","Jadon Scarlett","DL /ArgyleFlower Mound, TX","DL",89.61,"Texas Am Aggies",88000,3800
"298","Aaron Bryant","DL /SouthavenSouthaven, MS","DL",90.08,"Texas Longhorns",88000,2400
"299","Zion Logue","DL /LebanonLebanon, TN","DL",89.4,"Georgia Bulldogs",88000,18800
"300","Tyrion Ingram-Dawkins","DL /GaffneyGaffney, SC","DL",93.96,"Georgia Bulldogs",86000,17500
"301","Dallas Turner","EDGE /St. Thomas AquinasFort Lauderdale, FL","EDGE",98.61,"Alabama Crimson Tide",801000,42000
"302","Laiatu Latu","EDGE /JesuitCarmichael, CA","EDGE",93.63,"Ucla Bruins",730000,6000
"303","Jared Verse","EDGE /Central ColumbiaBloomsburg, PA","EDGE",0,"Florida State Seminoles",724000,73000
"304","Kaimon Rucker","EDGE /Hart CountyHartwell, GA","EDGE",83.7,"North Carolina Tar Heels",677000,6600
"305","Chris Braswell","EDGE /St. Frances AcademyBaltimore, MD","EDGE",98.09,"Alabama Crimson Tide",660000,16600
"306","Jonah Elliss","EDGE /Moscow SeniorMoscow, ID","EDGE",83.53,"Utah Utes",636000,1800
"307","James Pearce","EDGE /Julius L. ChambersCharlotte, NC","EDGE",93.46,"Tennessee Volunteers",6e+05,9000
"308","Solomon Byrd","EDGE /William KnightPalmdale, CA","EDGE",77.32,"Usc Trojans",577000,2700
"309","Jalen Green","EDGE /Good CounselOlney, MD","EDGE",0,"James Madison Dukes",521000,2300
"310","Jamil Muhammad","EDGE /James ClemensMadison, AL","EDGE",84.63,"Usc Trojans",486000,5900
"311","Kydran Jenkins","EDGE /Jefferson CountyLouisville, GA","EDGE",84.03,"Purdue Boilermakers",475000,0
"312","Tyler Baron","EDGE /Knoxville CatholicKnoxville, TN","EDGE",93.65,"Recruits",455000,31000
"313","Keon Keeley","EDGE /Berkeley PrepTampa, FL","EDGE",99.35,"Alabama Crimson Tide",453000,24000
"314","Grayson Murphy","EDGE /Bishop LynchDallas, TX","EDGE",82.9,"Ucla Bruins",448000,2400
"315","Ashton Gillotte","EDGE /Boca RatonBoca Raton, FL","EDGE",83.28,"Louisville Cardinals",418000,4100
"316","Johnny Walker","EDGE /ChamberlainTampa, FL","EDGE",83.13,"Missouri Tigers",414000,3000
"317","Princely Umanmielen","EDGE /ManorManor, TX","EDGE",90.72,"Florida Gators",391000,30000
"318","Adepoju Adebawore","EDGE /North Kansas CityKansas City, MO","EDGE",98.81,"Oklahoma Sooners",378000,10500
"319","B.J. Green II","EDGE /Prince Avenue Christian SchoolBogart, GA","EDGE",0,"Recruits",378000,3300
"320","Shemar Turner","EDGE /DeSotoDeSoto, TX","EDGE",97.94,"Texas Am Aggies",362000,17000
"321","Antwaun Powell-Ryland Jr.","EDGE /Indian RiverPortsmouth, VA","EDGE",91.71,"Virginia Tech Hokies",356000,8300
"322","Jasheen Davis","EDGE /ShilohSnellville, GA","EDGE",88.13,"Wake Forest Demon Deacons",344000,2200
"323","Damon Wilson","EDGE /VeniceVenice, FL","EDGE",97.59,"Georgia Bulldogs",318000,22000
"324","J.T. Tuimoloau","EDGE /Eastside CatholicSammamish, WA","EDGE",99.06,"Ohio State Buckeyes",287000,57000
"325","Chop Robinson","EDGE /Quince OrchardGaithersburg, MD","EDGE",95.55,"Penn State Nittany Lions",284000,22000
"326","Brandon Dorlus","EDGE /Deerfield BeachDeerfield Beach, FL","EDGE",85.03,"Oregon Ducks",272000,10700
"327","Mykel Williams","EDGE /HardawayColumbus, GA","EDGE",98.57,"Georgia Bulldogs",270000,37000
"328","Davin Vann","EDGE /CaryCary, NC","EDGE",90.86,"Nc State Wolfpack",242000,2200
"329","Dani Dennis-Sutton","EDGE /McDonogh SchoolMillsboro, DE","EDGE",97.56,"Penn State Nittany Lions",232000,17000
"330","Gabriel Murphy","EDGE /Bishop LynchDallas, TX","EDGE",82.57,"Ucla Bruins",220000,2900
"331","Khalid Duke","EDGE /Riverside Military AcademyGainesville, GA","EDGE",82.8,"Kansas State Wildcats",219000,2100
"332","Yhonzae Pierre","EDGE /Eufaula Eufaula, AL","EDGE",97.33,"Alabama Crimson Tide",217000,3700
"333","Anthony Lucas","EDGE /ChaparralScottsdale, AZ","EDGE",96.35,"Usc Trojans",212000,16500
"334","Justice Finkley","EDGE /Hewitt-TrussvilleTrussville, AL","EDGE",93.69,"Texas Longhorns",210000,55000
"335","Colton Vasek","EDGE /WestlakeAustin, TX","EDGE",94.31,"Texas Longhorns",209000,26000
"336","Kelby Collins","EDGE /GardendaleGardendale, AL","EDGE",96.43,"Florida Gators",202000,27000
"337","Samuel M'Pemba","EDGE /IMG AcademySaint Louis, MO","EDGE",96.44,"Georgia Bulldogs",197000,26000
"338","J'mond Tapp","EDGE /Ascension CatholicDonaldsonville, LA","EDGE",93.56,"Texas Longhorns",194000,6700
"339","Ethan Burke","EDGE /WestlakeAustin, TX","EDGE",89.76,"Texas Longhorns",193000,5800
"340","Ahmed Hassanein","EDGE /LoaraAnaheim, CA","EDGE",82.87,"Boise State Broncos",188000,7700
"341","Ron Stone Jr.","EDGE /Valley ChristianSan Jose, CA","EDGE",0,"Washington State Cougars",187000,4900
"342","Dashawn Womack","EDGE /St. Frances AcademyBaltimore, MD","EDGE",96.47,"Lsu Tigers",186000,12700
"343","Barryn Sorrell","EDGE /Holy CrossNew Orleans, LA","EDGE",86.8,"Texas Longhorns",179000,4100
"344","Logan Fano","EDGE /TimpviewSpanish Fork, UT","EDGE",89.44,"Utah Utes",174000,5900
"345","Tomarrion Parker","EDGE /CentralPhenix City, AL","EDGE",96.02,"Clemson Tigers",170000,12100
"346","Akheem Mesidor","EDGE /Clearwater Academy InternationalClearwater, FL","EDGE",87.67,"Miami Hurricanes",167000,7500
"347","Jaylen Harrell","EDGE /Berkeley PrepTampa, FL","EDGE",89.94,"Michigan Wolverines",166000,12300
"348","Andre Carter","EDGE /Cass TechnicalDetroit, MI","EDGE",82.2,"Indiana Hoosiers",164000,5700
"349","Ethan Downs","EDGE /WeatherfordWeatherford, OK","EDGE",91.61,"Oklahoma Sooners",158000,24000
"350","Daniel Grzesiak","EDGE /CrenshawLos Angeles, CA","EDGE",0,"Cincinnati Bearcats",154000,4600
"351","Gabe Harris","EDGE /IMG AcademyValdosta, GA","EDGE",95.42,"Georgia Bulldogs",154000,21000
"352","Prince Dorbah","EDGE /Highland ParkDallas, TX","EDGE",92.89,"Arizona State Sun Devils",151000,13300
"353","Jereme Robinson","EDGE /Carver Montgomery, AL","EDGE",81.27,"Kansas Jayhawks",150000,1900
"354","Bai Jobe","EDGE /Community Christian SchoolNorman, OK","EDGE",95.41,"Michigan State Spartans",149000,11200
"355","Tausili Akana","EDGE /SkyridgeKahuku, HI","EDGE",93.5,"Texas Longhorns",147000,12000
"356","Jayden Wayne","EDGE /IMG AcademyTacoma, WA","EDGE",94.61,"Miami Hurricanes",144000,29000
"357","Roman Harrison","EDGE /BainbridgeBainbridge, GA","EDGE",89.92,"Tennessee Volunteers",143000,18100
"358","Caleb Herring","EDGE /RiverdaleMurfreesboro, TN","EDGE",94.47,"Tennessee Volunteers",143000,9600
"359","Joshua Josephs","EDGE /North CobbKennesaw, GA","EDGE",91.7,"Tennessee Volunteers",139000,7300
"360","Braylan Shelby","EDGE /FriendswoodFriendswood, TX","EDGE",95.45,"Usc Trojans",137000,6800
"361","Bralen Trice","EDGE /Sandra Day O'connorGlendale, AZ","EDGE",88.4,"Washington Huskies",136000,4600
"362","Austin Booker","EDGE /Center GroveGreenwood, IN","EDGE",86.57,"Kansas Jayhawks",135000,3200
"363","Jaxon Howard","EDGE /Robbinsdale CooperMinneapolis, MN","EDGE",93.63,"Lsu Tigers",134000,20000
"364","Joe Evans","EDGE /AmesAmes, IA","EDGE",0,"Recruits",132000,3000
"365","Jack Sawyer","EDGE /Pickerington NorthPickerington, OH","EDGE",99.1,"Ohio State Buckeyes",132000,49000
"366","Bryson Eason","EDGE /WhitehavenMemphis, TN","EDGE",89.73,"Tennessee Volunteers",127000,2100
"367","Chandavian Bradley","EDGE /Platte CountyPlatte City, MO","EDGE",93.29,"Tennessee Volunteers",126000,24000
"368","Joshua Mickens","EDGE /Lawrence CentralIndianapolis, IN","EDGE",94.16,"Ohio State Buckeyes",124000,6500
"369","Eyabi Okie","EDGE /St. Frances AcademyBaltimore, MD","EDGE",99.55,"Charlotte 49ers",123000,29000
"370","Chief Borders","EDGE /Heard CountyChicago, IL","EDGE",89.53,"Nebraska Cornhuskers",123000,61000
"371","Marshawn Kneeland","EDGE /Godwin Heights SeniorGrand Rapids, MI","EDGE",77.32,"Recruits",122000,776
"372","Darryl Peterson","EDGE /Archbishop HobanAkron, OH","EDGE",89.7,"Wisconsin Badgers",121000,3500
"373","Dayon Hayes","EDGE /WestinghousePittsburgh, PA","EDGE",90.51,"Pittsburgh Panthers",120000,3600
"374","David Bailey","EDGE /Mater DeiSanta Ana, CA","EDGE",95.46,"Stanford Cardinal",120000,2900
"375","Kamran James","EDGE /OlympiaOrlando, FL","EDGE",93.19,"Florida Gators",119000,17500
"376","Dasan McCullough","EDGE /Bloomington SouthBloomington, IN","EDGE",94.5,"Oklahoma Sooners",118000,79000
"377","Kyle Kennard","EDGE /RiverwoodAtlanta, GA","EDGE",85.6,"Georgia Tech Yellow Jackets",116000,4200
"378","Caden Curry","EDGE /Center GroveGreenwood, IN","EDGE",93.6,"Ohio State Buckeyes",114000,19900
"379","Nathan Latu","EDGE /OlympusSalt Lake City, UT","EDGE",82.87,"Oklahoma State Cowboys",114000,2400
"380","Collins Acheampong","EDGE /Santa Margarita CatholicRancho Santa Margarita, CA","EDGE",92.94,"Miami Hurricanes",114000,13700
"381","Patrick Payton","EDGE /NorthwesternMiami, FL","EDGE",91.52,"Florida State Seminoles",113000,13800
"382","Mazin Richards","EDGE /CentennialBurleson, TX","EDGE",0,"Recruits",112000,778
"383","Desmond Umeozulu","EDGE /Charles Herbert FlowersUpper Marlboro, MD","EDGE",93.05,"South Carolina Gamecocks",108000,12300
"384","Kenyatta Jackson Jr.","EDGE /Chaminade-Madonna PrepHollywood, FL","EDGE",96.3,"Ohio State Buckeyes",107000,12100
"385","Byron Turner Jr.","EDGE /St. AugustineNew Orleans, LA","EDGE",89.33,"Florida State Seminoles",106000,4000
"386","Jeremiah Alexander","EDGE /ThompsonAlabaster, AL","EDGE",98.07,"Alabama Crimson Tide",106000,29000
"387","Jack Pyburn","EDGE /The Bolles SchoolJacksonville, FL","EDGE",87.55,"Florida Gators",104000,10800
"388","Marvin Jones Jr.","EDGE /American HeritageFort Lauderdale, FL","EDGE",97.5,"Georgia Bulldogs",104000,32000
"389","Fadil Diggs","EDGE /Woodrow WilsonCamden, NJ","EDGE",92.48,"Texas Am Aggies",101000,10600
"390","Elijah McAllister","EDGE /Rumson-Fair HavenRumson, NJ","EDGE",86.73,"Auburn Tigers",1e+05,9500
"391","Jalen McLeod","EDGE /Friendship Collegiate AcademyWashington, DC","EDGE",80.15,"Auburn Tigers",99000,7500
"392","Romello Height","EDGE /DublinDublin, GA","EDGE",89.67,"Usc Trojans",98000,4400
"393","Xavier Thomas","EDGE /IMG AcademyBradenton, FL","EDGE",99.33,"Clemson Tigers",98000,165000
"394","Blaise Gunnerson","EDGE /Kuemper Catholic School SystemCarroll, IA","EDGE",88.13,"Nebraska Cornhuskers",98000,10200
"395","T.J. Searcy","EDGE /Upson-LeeThomaston, GA","EDGE",91.34,"Florida Gators",97000,6100
"396","Chaz Chambliss","EDGE /CarrolltonCarrollton, GA","EDGE",89.52,"Georgia Bulldogs",93000,11300
"397","Jonathan Ross","EDGE /St. CharlesWaldorf, MD","EDGE",0,"Usf Bulls",93000,3800
"398","Adonijah Green","EDGE /Cedar GroveEllenwood, GA","EDGE",92.24,"Louisville Cardinals",92000,3900
"399","Bradyn Swinson","EDGE /Chapel HillDouglasville, GA","EDGE",88.07,"Lsu Tigers",91000,18500
"400","Adisa Isaac","EDGE /CanarsieBrooklyn, NY","EDGE",93.53,"Penn State Nittany Lions",90000,5100
"401","Tate Ratledge","IOL /Darlington SchoolRome, GA","IOL",96.25,"Georgia Bulldogs",504000,32000
"402","Zak Zinter","IOL /Buckingham Browne & Nichols SchoolNorth Andover, MA","IOL",90.13,"Michigan Wolverines",496000,27000
"403","Matthew Jones","IOL /Erasmus HallBrooklyn, NY","IOL",94.86,"Ohio State Buckeyes",484000,8400
"404","Jonah Savaiinaea","IOL /St Louis SchoolHonolulu, HI","IOL",87.13,"Arizona Wildcats",393000,4200
"405","Matt Lee","IOL /Hagerty Oviedo, FL","IOL",80.75,"Miami Hurricanes",383000,5900
"406","Marcellus Marshall","IOL /MorgantownMorgantown, WV","IOL",80.15,"Ucf Knights",363000,1200
"407","Jackson Powers-Johnson","IOL /Corner CanyonDraper, UT","IOL",91.73,"Oregon Ducks",349000,31000
"408","Tyler Booker","IOL /IMG AcademyBradenton, FL","IOL",97.02,"Alabama Crimson Tide",316000,29000
"409","Drake Nugent","IOL /Highlands RanchLittleton, CO","IOL",84.3,"Michigan Wolverines",312000,3600
"410","Marcus Harper","IOL /Homewood-FlossmoorChicago, IL","IOL",85.93,"Oregon Ducks",289000,14800
"411","Clay Webb","IOL /OxfordOxford, AL","IOL",97.64,"Jacksonville State Gamecocks",288000,3300
"412","Zach Frazier","IOL /FairmontFairmont, WV","IOL",87.2,"West Virginia Mountaineers",280000,7100
"413","Gunner Britton","IOL /ConwayConway, SC","IOL",77.27,"Auburn Tigers",259000,3800
"414","Sedrick Van Pran","IOL /Warren EastonNew Orleans, LA","IOL",94.59,"Recruits",250000,22000
"415","Justin Dedich","IOL /ChaparralTemecula, CA","IOL",93.92,"Usc Trojans",250000,4700
"416","Kobe Baynes","IOL /SandalwoodJacksonville, FL","IOL",84.37,"Kansas Jayhawks",227000,4300
"417","Blake Zubovic","IOL /Belle VernonBelle Vernon, PA","IOL",88.37,"Pittsburgh Panthers",224000,2900
"418","Justin Osborne","IOL /IMG AcademyFlower Mound, TX","IOL",88.4,"Smu Mustangs",216000,464
"419","Jake Majors","IOL /ProsperProsper, TX","IOL",90.64,"Texas Longhorns",214000,9500
"420","Andrew Raym","IOL /Broken ArrowBroken Arrow, OK","IOL",94.03,"Oklahoma Sooners",204000,15300
"421","Chase Bisontis","IOL /Don Bosco PrepRamsey, NJ","IOL",96.4,"Texas Am Aggies",193000,24000
"422","DJ Campbell","IOL /BowieArlington, TX","IOL",98.26,"Texas Longhorns",191000,21000
"423","Jarrett Kingston","IOL /AndersonAnderson, CA","IOL",79.27,"Recruits",187000,1900
"424","Vinny Sciury","IOL /PerryMassillon, OH","IOL",79.81,"Toledo Rockets",186000,0
"425","Connor Robertson","IOL /WestlakeAustin, TX","IOL",88.67,"Texas Longhorns",185000,8000
"426","Neto Umeozulu","IOL /AllenAllen, TX","IOL",95,"Texas Longhorns",184000,6600
"427","Donovan Jackson","IOL /EpiscopalBellaire, TX","IOL",97.92,"Ohio State Buckeyes",184000,19600
"428","Cole Hutson","IOL /FriscoFrisco, TX","IOL",88.98,"Texas Longhorns",184000,6300
"429","J'ven Williams","IOL /WyomissingReading, PA","IOL",96.45,"Penn State Nittany Lions",177000,9600
"430","Josh Braun","IOL /SuwanneeLive Oak, FL","IOL",90.54,"Arkansas Razorbacks",168000,5800
"431","Beaux Limmer","IOL /Tyler LeeTyler, TX","IOL",86.57,"Arkansas Razorbacks",166000,4100
"432","Joe Michalski","IOL /St. Thomas AquinasOverland Park, KS","IOL",82.83,"Oklahoma State Cowboys",162000,1600
"433","Emmanuel Pregnon","IOL /Thomas JeffersonDenver, CO","IOL",0,"Usc Trojans",161000,1500
"434","Javion Cohen","IOL /CentralPhenix City, AL","IOL",90.16,"Miami Hurricanes",154000,14800
"435","Alex Birchmeier","IOL /Broad RunAshburn, VA","IOL",95.83,"Penn State Nittany Lions",146000,10900
"436","Cooper Mays","IOL /Knoxville CatholicKnoxville, TN","IOL",90.18,"Tennessee Volunteers",146000,42000
"437","Jaydon Chatman","IOL /Harker HeightsHarker Heights, TX","IOL",91.87,"Texas Longhorns",144000,3500
"438","Micah Mazzccua","IOL /St. Frances AcademyBaltimore, MD","IOL",86.4,"Recruits",143000,2400
"439","Carson Hinzman","IOL /Saint Croix CentralHammond, WI","IOL",92.59,"Ohio State Buckeyes",142000,32000
"440","Charles Turner","IOL /IMG AcademyBradenton, FL","IOL",88.67,"Lsu Tigers",142000,7200
"441","Xavier Delgado","IOL /Deer ValleyGlendale, AZ","IOL",80.9,"Missouri Tigers",135000,1400
"442","Addison Nichols","IOL /Greater Atlanta Christian SchoolNorcross, GA","IOL",92.62,"Tennessee Volunteers",135000,14400
"443","Javontez Spraggins","IOL /East St. LouisEast Saint Louis, IL","IOL",87.5,"Tennessee Volunteers",132000,10600
"444","Jackson Lampley","IOL /Montgomery Bell AcademyNashville, TN","IOL",91.01,"Tennessee Volunteers",132000,8800
"445","Isaiah Adams","IOL /McClellan CatholicAjax, ON","IOL",88.43,"Illinois Fighting Illini",130000,1400
"446","Marcus Tate","IOL /TRU Prep AcademyMiami Gardens, FL","IOL",93,"Clemson Tigers",129000,8200
"447","Kyle Hergel","IOL /Clarkson Football NorthToronto, ON","IOL",0,"Boston College Eagles",126000,3200
"448","Miles Frazier","IOL /Milford AcademyCamden, NJ","IOL",81.33,"Lsu Tigers",125000,8000
"449","Roderick Kearney","IOL /Orange ParkOrange Park, FL","IOL",93.61,"Florida Gators",125000,86000
"450","Miles McVay","IOL /East St. LouisEast Saint Louis, IL","IOL",92.5,"Alabama Crimson Tide",124000,12600
"451","T.J. Shanahan","IOL /WestlakeOrlando, FL","IOL",92.62,"Texas Am Aggies",123000,18600
"452","Bucky Williams","IOL /RinggoldRinggold, GA","IOL",0,"Appalachian State Mountaineers",121000,1600
"453","Garrett Curran","IOL /Granite HillsEl Cajon, CA","IOL",82.38,"Boise State Broncos",120000,1500
"454","McKade Mettauer","IOL /The WoodlandsThe Woodlands, TX","IOL",86.73,"Oklahoma Sooners",120000,42000
"455","DJ Chester","IOL /Eagle's Landing ChristianConyers, GA","IOL",93.48,"Lsu Tigers",117000,3100
"456","Steven Jones","IOL /ChaparralTemecula, CA","IOL",90.77,"Oregon Ducks",116000,6800
"457","Harris Sewell","IOL /PermianOdessa, TX","IOL",92.96,"Clemson Tigers",114000,8600
"458","Spencer Fano","IOL /TimpviewProvo, UT","IOL",94.86,"Utah Utes",112000,5200
"459","Tanner Miller","IOL /ValenciaValencia, CA","IOL",0,"Recruits",112000,1200
"460","Keiondre Jones","IOL /CallawayHogansville, GA","IOL",92.21,"Florida State Seminoles",109000,74000
"461","Jager Burton","IOL /Frederick DouglassLexington, KY","IOL",93.75,"Kentucky Wildcats",108000,11200
"462","Christian Hilborn","IOL /HighlandSalt Lake City, UT","IOL",81.72,"Washington State Cougars",103000,1100
"463","Maurice Smith","IOL /Miami CentralMiami, FL","IOL",84.6,"Florida State Seminoles",102000,9700
"464","Willis Patrick","IOL /MansfieldMansfield, TX","IOL",0,"Recruits",102000,2400
"465","Casey Roddick","IOL /St. BonaventureVentura, CA","IOL",84.75,"Florida State Seminoles",102000,8500
"466","Caleb Lomu","IOL /HighlandGilbert, AZ","IOL",94.03,"Utah Utes",101000,3900
"467","Jaylen Early","IOL /DuncanvilleDuncanville, TX","IOL",89.39,"Florida State Seminoles",101000,7000
"468","Gus Zilinskas","IOL /Cherry CreekEnglewood, CO","IOL",80.75,"Rutgers Scarlet Knights",98000,2100
"469","J.D. Duplain","IOL /StrongsvilleStrongsville, OH","IOL",85.67,"Michigan State Spartans",97000,1400
"470","Bryce Foster","IOL /TaylorKaty, TX","IOL",95.96,"Texas Am Aggies",96000,24000
"471","Enokk Vimahi","IOL /KahukuKahuku, HI","IOL",93.58,"Ohio State Buckeyes",95000,6400
"472","Mason Murphy","IOL /J Serra CatholicSan Juan Capistrano, CA","IOL",88.71,"Usc Trojans",95000,3500
"473","Richie Leonard","IOL /CocoaCocoa, FL","IOL",86.47,"Florida Gators",95000,11200
"474","Kam Dewberry","IOL /AtascocitaHumble, TX","IOL",95.45,"Texas Am Aggies",94000,20000
"475","Gino Quinones","IOL /St. LouisHonolulu, HI","IOL",82.83,"Usc Trojans",94000,1500
"476","Micah Morris","IOL /Camden CountyKingsland, GA","IOL",95.43,"Georgia Bulldogs",93000,28000
"477","Kelton Smith","IOL /CarverColumbus, GA","IOL",92.27,"Georgia Bulldogs",93000,3700
"478","Kingsley Eguakun","IOL /SandalwoodJacksonville, FL","IOL",86.53,"Florida Gators",93000,6800
"479","Sioape Vatikani","IOL /Bishop ManogueReno, NV","IOL",86.92,"California Golden Bears",93000,2400
"480","Dmitri Emmanuel","IOL /Marvin RidgeWaxhaw, NC","IOL",79,"Florida State Seminoles",92000,2600
"481","Branson Hickman","IOL /JesuitDallas, TX","IOL",80.63,"Smu Mustangs",92000,2000
"482","Jake Slaughter","IOL /Trinity CatholicOcala, FL","IOL",86.77,"Florida Gators",92000,4100
"483","Tate Johnson","IOL /CallawayHogansville, GA","IOL",88.67,"Auburn Tigers",91000,7400
"484","Avery Jones","IOL /HavelockHavelock, NC","IOL",90.88,"Auburn Tigers",90000,5000
"485","Nouredin Nouili","IOL /NorrisFirth, NE","IOL",79.27,"Colorado State Rams",90000,9400
"486","Henry Lutovsky","IOL /Mount PleasantMount Pleasant, IA","IOL",88.4,"Nebraska Cornhuskers",89000,6400
"487","Ethan Piper","IOL /Norfolk CatholicNorfolk, NE","IOL",82.53,"Nebraska Cornhuskers",89000,5900
"488","Ben Scott","IOL /St. LouisHonolulu, HI","IOL",80.97,"Nebraska Cornhuskers",89000,4600
"489","Dametrious Crownover","IOL /GrandviewGrandview, TX","IOL",89,"Texas Am Aggies",88000,4000
"490","Justin Evans-Jenkins","IOL /IrvingtonIrvington, NJ","IOL",82.07,"Nebraska Cornhuskers",88000,2900
"491","Markee Anderson","IOL /DormanRoebuck, SC","IOL",92.75,"South Carolina Gamecocks",87000,5600
"492","Bob Schick","IOL /WasatchEphraim, UT","IOL",0,"Virginia Tech Hokies",87000,1600
"493","Nick Dawkins","IOL /ParklandAllentown, PA","IOL",84.47,"Penn State Nittany Lions",87000,18300
"494","Josh Padilla","IOL /WayneDayton, OH","IOL",91.08,"Ohio State Buckeyes",86000,5500
"495","Jalen Farmer","IOL /EastsideCovington, GA","IOL",87.28,"Florida Gators",84000,1400
"496","Xavier Truss","IOL /Bishop HendrickenWarwick, RI","IOL",91.5,"Georgia Bulldogs",84000,11900
"497","JB Nelson","IOL /Mt. LebanonPittsburgh, PA","IOL",91.73,"Penn State Nittany Lions",83000,3900
"498","Vega Ioane","IOL /Graham-KapowsinGraham, WA","IOL",87.9,"Penn State Nittany Lions",83000,4100
"499","Michael Jurgens","IOL /DamascusDamascus, MD","IOL",84.1,"Wake Forest Demon Deacons",82000,2800
"500","Saleem Wormley","IOL /SmyrnaSmyrna, DE","IOL",89.77,"Penn State Nittany Lions",82000,2300
"501","Olu Fashanu","OT /Gonzaga Washington, DC","OT",88.7,"Penn State Nittany Lions",789000,9800
"502","Christian Jones","OT /Cy WoodsCypress, TX","OT",85.93,"Texas Longhorns",741000,5900
"503","Ajani Cornelius","OT /Archbishop StepinacWhite Plains, NY","OT",0,"Oregon Ducks",688000,5700
"504","Joe Alt","OT /Totino-GraceMinneapolis, MN","OT",89.7,"Notre Dame Fighting Irish",656000,5300
"505","Kelvin Banks","OT /Summer CreekHumble, TX","OT",97.49,"Texas Longhorns",594000,19700
"506","Delmar Glaze","OT /West MecklenburgCharlotte, NC","OT",81.42,"Maryland Terrapins",551000,413
"507","Amarius Mims","OT /Bleckley CountyCochran, GA","OT",98.41,"Recruits",547000,43000
"508","Taliese Fuaga","OT /Mount TahomaTacoma, WA","OT",81.87,"Oregon State Beavers",526000,1400
"509","Cooper Beebe","OT /PiperKansas City, KS","OT",82.65,"Kansas State Wildcats",515000,3800
"510","Roger Rosengarten","OT /Valor ChristianLittleton, CO","OT",92.46,"Washington Huskies",5e+05,4600
"511","JC Latham","OT /IMG AcademyBradenton, FL","OT",99.37,"Alabama Crimson Tide",476000,20000
"512","Kadyn Proctor","OT /Southeast PolkDes Moines, IA","OT",98.83,"Alabama Crimson Tide",464000,46000
"513","Hollin Pierce","OT /Fork Union Military AcademyTrenton, NJ","OT",0,"Rutgers Scarlet Knights",446000,2200
"514","Wyatt Milum","OT /Spring ValleyHuntington, WV","OT",92.75,"West Virginia Mountaineers",386000,5900
"515","Walter Rouse","OT /Sidwell Friends SchoolWashington, DC","OT",88.37,"Oklahoma Sooners",367000,6900
"516","Troy Fautanu","OT /LibertyHenderson, NV","OT",89.87,"Washington Huskies",348000,3500
"517","Nick Rosi","OT /Olentangy LibertyPowell, OH","OT",0,"Toledo Rockets",328000,902
"518","Javon Foster","OT /West BloomfieldWest Bloomfield, MI","OT",82.2,"Missouri Tigers",326000,2700
"519","Francis Mauigoa","OT /IMG AcademyBradenton, FL","OT",98.77,"Miami Hurricanes",322000,23000
"520","Michael Tarquin","OT /North MarionCitra, FL","OT",89.94,"Usc Trojans",317000,6100
"521","Bless Harris","OT /St. AugustineNew Orleans, LA","OT",77.94,"Florida State Seminoles",310000,17600
"522","Dillon Wade","OT /Cy FallsHouston, TX","OT",79.15,"Auburn Tigers",305000,8200
"523","Devonte Gordon","OT /Maret SchoolWashington, DC","OT",84.63,"Wake Forest Demon Deacons",301000,4000
"524","Samson Okunlola","OT /Thayer AcademyBrockton, MA","OT",97.74,"Miami Hurricanes",299000,34000
"525","Kingsley Suamataia","OT /OremOrem, UT","OT",97.4,"Byu Cougars",296000,33000
"526","Graham Barton","OT /RavenwoodBrentwood, TN","OT",86,"Duke Blue Devils",273000,3500
"527","Zalance Heard","OT /NevilleMonroe, LA","OT",97.49,"Lsu Tigers",268000,3200
"528","Bryce Cabeldue","OT /ClovisClovis, NM","OT",79.78,"Kansas Jayhawks",265000,2100
"529","Jonah Monheim","OT /MoorparkMoorpark, CA","OT",89.67,"Usc Trojans",263000,2500
"530","Gottlieb Ayedze","OT /NorthwestGermantown, MD","OT",0,"Maryland Terrapins",262000,276
"531","Josh Fryar","OT /Beech GroveBeech Grove, IN","OT",88.07,"Ohio State Buckeyes",235000,5400
"532","Gerald Mincey","OT /Cardinal GibbonsFort Lauderdale, FL","OT",86.27,"Tennessee Volunteers",229000,22000
"533","Armand Membou","OT /Lee's Summit NorthLees Summit, MO","OT",88.93,"Missouri Tigers",220000,27000
"534","Austin Barber","OT /Trinity Christian AcademyJacksonville, FL","OT",87.47,"Florida Gators",218000,3300
"535","Will Campbell","OT /NevilleMonroe, LA","OT",96.56,"Lsu Tigers",217000,33000
"536","Riley Mahlman","OT /Lakeville SouthLakeville, MN","OT",92.77,"Wisconsin Badgers",214000,3400
"537","Valentin Senn","OT /AustriaVolders","OT",0,"Connecticut Huskies",204000,2600
"538","Monroe Freeling","OT /Oceanside Collegiate AcademyMount Pleasant, SC","OT",97.14,"Georgia Bulldogs",199000,6200
"539","Savion Washington","OT /St. Vincent-St. MaryAkron, OH","OT",79.52,"Colorado Buffaloes",195000,2600
"540","Cameron Williams","OT /DuncanvilleDuncanville, TX","OT",90.9,"Texas Longhorns",190000,17400
"541","Matt Goncalves","OT /Eastport-South ManorManorville, NY","OT",86.57,"Pittsburgh Panthers",189000,2400
"542","Hayden Conner","OT /TaylorKaty, TX","OT",89.46,"Texas Longhorns",185000,10700
"543","Earnest Greene","OT /St. John BoscoBellflower, CA","OT",96.27,"Georgia Bulldogs",181000,11100
"544","Josh Conerly Jr.","OT /Rainier BeachSeattle, WA","OT",96.63,"Oregon Ducks",179000,11000
"545","Jordan Morgan","OT /MaranaMarana, AZ","OT",81.57,"Arizona Wildcats",163000,1500
"546","Monroe Mills","OT /Father ToltonColumbia, MO","OT",82.2,"Texas Tech Red Raiders",158000,2500
"547","Luke Montgomery","OT /FindlayFindlay, OH","OT",94.5,"Ohio State Buckeyes",156000,46000
"548","Wilkin Formby","OT /NorthridgeTuscaloosa, AL","OT",94.42,"Alabama Crimson Tide",152000,6900
"549","Caleb Rogers","OT /Lake RidgeMansfield, TX","OT",83.5,"Texas Tech Red Raiders",152000,1100
"550","Jalen Rivers","OT /OakleafOrange Park, FL","OT",92.75,"Miami Hurricanes",145000,7800
"551","Charles Jagusah","OT /AllemanRock Island, IL","OT",96.04,"Notre Dame Fighting Irish",142000,2500
"552","John Campbell","OT /Dr. PhillipsOrlando, FL","OT",88.03,"Tennessee Volunteers",141000,24000
"553","Xavier Hill","OT /Olive BranchOlive Branch, MS","OT",88.37,"Memphis Tigers",132000,2100
"554","Ollie Lane","OT /GibbsCorryton, TN","OT",84.43,"Tennessee Volunteers",132000,9100
"555","Cayden Green","OT /Lee's Summit NorthLees Summit, MO","OT",94.39,"Oklahoma Sooners",131000,18200
"556","Dayne Davis","OT /Sullivan EastBluff City, TN","OT",0,"Recruits",131000,5700
"557","Andrej Karic","OT /Southlake CarrollSouthlake, TX","OT",90,"Tennessee Volunteers",131000,5200
"558","Jeremiah Crawford","OT /GoddardGoddard, KS","OT",84.53,"Tennessee Volunteers",131000,5300
"559","Olaus Alinen","OT /The Loomis Chaffee SchoolWindsor, CT","OT",92.66,"Alabama Crimson Tide",128000,18400
"560","Bo Hughley","OT /Langston HughesFairburn, GA","OT",93.54,"Georgia Bulldogs",125000,14500
"561","Marques Cox","OT /PeoriaPeoria, IL","OT",82.5,"Kentucky Wildcats",121000,4900
"562","Marcus Mbow","OT /Wauwatosa EastMilwaukee, WI","OT",83.8,"Purdue Boilermakers",119000,20000
"563","Julian Armella","OT /St. Thomas AquinasMiami, FL","OT",92.47,"Florida State Seminoles",116000,66000
"564","Isaiah Wright","OT /St. Peters PrepMetuchen, NJ","OT",82.87,"Buffalo Bulls",114000,3300
"565","Chimdy Onoh","OT /DundalkDundalk, MD","OT",91.47,"Penn State Nittany Lions",113000,4400
"566","Elijah Paige","OT /PinnaclePhoenix, AZ","OT",91.94,"Usc Trojans",111000,3900
"567","Lucas Simmons","OT /Clearwater Academy InternationalClearwater, FL","OT",93.59,"Florida State Seminoles",111000,6600
"568","Timothy McKay","OT /WakefieldRaleigh, NC","OT",86.33,"Nc State Wolfpack",110000,8800
"569","Darrell Simpson","OT /NorthwestJustin, TX","OT",91.01,"Tulsa Golden Hurricane",109000,4800
"570","William Parker","OT /Pearl-CohnNashville, TN","OT",89.33,"Uab Blazers",105000,1700
"571","Anthony Belton","OT /Florida State Univ. SchoolTallahassee, FL","OT",0,"Recruits",102000,6500
"572","Robert Scott Jr.","OT /ConwayConway, AR","OT",88.07,"Florida State Seminoles",101000,7700
"573","Darius Washington","OT /West Florida TechPensacola, FL","OT",88.17,"Florida State Seminoles",1e+05,5900
"574","Jeremiah Byers","OT /AndersonAustin, TX","OT",78.77,"Florida State Seminoles",99000,3600
"575","Ozzy Trapilo","OT /Boston CollegeBoston, MA","OT",92.03,"Boston College Eagles",97000,3500
"576","Garrett DiGiorgio","OT /SerranoPhelan, CA","OT",85.93,"Ucla Bruins",97000,1700
"577","Marcus Bryant","OT /Cedar RidgeRound Rock, TX","OT",81.42,"Smu Mustangs",96000,2100
"578","George Fitzpatrick","OT /Cherry CreekEnglewood, CO","OT",91.23,"Ohio State Buckeyes",96000,6700
"579","Jeremiah Wright","OT /SelmaSelma, AL","OT",86.83,"Auburn Tigers",95000,12700
"580","Jakob James","OT /ElderCincinnati, OH","OT",84.73,"Ohio State Buckeyes",95000,5200
"581","Damieon George","OT /North ShoreHouston, TX","OT",89.67,"Florida Gators",94000,9300
"582","Sataoa Laumea","OT /Eisenhower SeniorRialto, CA","OT",89.7,"Utah Utes",94000,2600
"583","Jordan Spasojevic-Moko","OT /Brisbane RhinosBrisbane, QLD","OT",89,"Texas Am Aggies",93000,13500
"584","Cade Beresford","OT /WoodinvilleWoodinville, WA","OT",86.56,"Boise State Broncos",92000,1000
"585","Stanton Ramil","OT /ThompsonAlabaster, AL","OT",91.82,"Michigan State Spartans",92000,4200
"586","Tyree Adams","OT /St. AugustineMarrero, LA","OT",92.17,"Lsu Tigers",92000,4300
"587","Aireontae Ersery","OT /RuskinKansas City, MO","OT",84.7,"Minnesota Golden Gophers",91000,636
"588","Kameron Stutts","OT /BrooksKillen, AL","OT",86.9,"Auburn Tigers",91000,7600
"589","Turner Corcoran","OT /Lawrence Free StateLawrence, KS","OT",95.51,"Nebraska Cornhuskers",90000,8700
"590","Bryce Benhart","OT /Lakeville NorthLakeville, MN","OT",93.25,"Nebraska Cornhuskers",90000,7600
"591","Reuben Fatheree","OT /FosterRichmond, TX","OT",95.23,"Texas Am Aggies",89000,6200
"592","Trey Zuhn","OT /Fossil RidgeFort Collins, CO","OT",90.86,"Texas Am Aggies",88000,3300
"593","Landon Tengwall","OT /Good CounselOlney, MD","OT",95.1,"Penn State Nittany Lions",86000,11900
"594","Drew Shelton","OT /Downingtown WestDowningtown, PA","OT",93.56,"Penn State Nittany Lions",86000,10000
"595","Jordan Herman","OT /Fort MillHutchinson, KS","OT",0,"Florida Gators",85000,2400
"596","Xavier Bausley","OT /South CharlestonCharleston, WV","OT",0,"Recruits",84000,409
"597","Caedan Wallace","OT /Hun School Princeton, NJ","OT",95.21,"Penn State Nittany Lions",82000,4800
"598","Chad Lindberg","OT /Clear CreekLeague City, TX","OT",91.9,"Georgia Bulldogs",82000,9500
"599","Jaden Muskrat","OT /Bentonville WestCenterton, AR","OT",77.6,"Auburn Tigers",82000,1100
"600","Austin Blaske","OT /South EffinghamGuyton, GA","OT",87.53,"Georgia Bulldogs",81000,6700
"601","Brock Bowers","TE /NapaNapa, CA","TE",95.28,"Georgia Bulldogs",708000,128000
"602","Ja'Tavion Sanders","TE /RyanDenton, TX","TE",97.98,"Texas Longhorns",675000,32000
"603","Cade Stover","TE /LexingtonMansfield, OH","TE",93.69,"Ohio State Buckeyes",591000,56000
"604","Ben Sinnott","TE /ColumbusWaterloo, IA","TE",0,"Kansas State Wildcats",448000,2400
"605","Jaheim Bell","TE /ValdostaValdosta, GA","TE",89.67,"Florida State Seminoles",435000,49000
"606","Mitchell Evans","TE /WadsworthWadsworth, OH","TE",88.8,"Notre Dame Fighting Irish",427000,5700
"607","Gavin Bartholomew","TE /Blue MountainSchuylkill Haven, PA","TE",82.57,"Pittsburgh Panthers",390000,7000
"608","Corey Dyches","TE /PotomacOxon Hill, MD","TE",87.17,"Maryland Terrapins",375000,4700
"609","Colston Loveland","TE /GoodingGooding, ID","TE",90.5,"Michigan Wolverines",358000,25000
"610","Erick All","TE /FairfieldFairfield, OH","TE",89.37,"Iowa Hawkeyes",358000,29000
"611","Mason Taylor","TE /St. Thomas AquinasFort Lauderdale, FL","TE",87.33,"Lsu Tigers",337000,22000
"612","Michael Harrison","TE /San Francisco, CA","TE",0,"Recruits",298000,3100
"613","Ben Yurosek","TE /Bakersfield ChristianBakersfield, CA","TE",88.43,"Stanford Cardinal",284000,2700
"614","Trey Knox","TE /BlackmanMurfreesboro, TN","TE",91.11,"South Carolina Gamecocks",269000,48000
"615","Drake Dabney","TE /Cy RanchCypress, TX","TE",87.1,"Baylor Bears",262000,3600
"616","Jared Wiley","TE /TempleTemple, TX","TE",87.1,"Tcu Horned Frogs",259000,10500
"617","Amari Niblack","TE /LakewoodClearwater, FL","TE",94.58,"Alabama Crimson Tide",258000,8700
"618","Jake Johnson","TE /Oconee CountyBogart, GA","TE",95.1,"Texas Am Aggies",245000,26000
"619","Justin Joly","TE /Iona Preparatory SchoolNew Rochelle, NY","TE",0,"Connecticut Huskies",235000,1600
"620","Rivaldo Fairweather","TE /Boyd AndersonFort Lauderdale, FL","TE",81.23,"Auburn Tigers",223000,5200
"621","McCallan Castles","TE /South TahoeSouth Lake Tahoe, CA","TE",89.67,"Tennessee Volunteers",207000,4900
"622","Jahleel Billingsley","TE /Phillips AcademyChicago, IL","TE",90.33,"Recruits",207000,22000
"623","Arlis Boardingham","TE /BirminghamVan Nuys, CA","TE",87.88,"Florida Gators",2e+05,6800
"624","Luke Hasz","TE /BixbyBixby, OK","TE",91.93,"Arkansas Razorbacks",195000,21000
"625","Gunnar Helm","TE /Cherry CreekEnglewood, CO","TE",86.47,"Texas Longhorns",193000,7500
"626","Oscar Delp","TE /West ForsythCumming, GA","TE",94.87,"Georgia Bulldogs",193000,43000
"627","David Martin-Robinson","TE /HempfieldLandisville, PA","TE",81.78,"Temple Owls",185000,3400
"628","Jack Westover","TE /Mount SiSnoqualmie, WA","TE",0,"Washington Huskies",180000,3500
"629","R.J. Maryland","TE /Southlake CarrollSouthlake, TX","TE",89.28,"Smu Mustangs",176000,3200
"630","Michael Trigg","TE /Carrollwood DayTampa, FL","TE",92.83,"Ole Miss Rebels",164000,46000
"631","Cade Conley","TE /WilliamstonWilliamston, MI","TE",0,"Marshall Thundering Herd",163000,499
"632","Kole Taylor","TE /CentralGrand Junction, CO","TE",88.4,"West Virginia Mountaineers",161000,4800
"633","Thomas Fidone","TE /Lewis CentralCouncil Bluffs, IA","TE",95.27,"Nebraska Cornhuskers",161000,31000
"634","Lake McRee","TE /Lake TravisAustin, TX","TE",88.67,"Usc Trojans",161000,8600
"635","Pearce Spurlin","TE /South WaltonSanta Rosa Beach, FL","TE",95.42,"Georgia Bulldogs",152000,18300
"636","Jake Briningstool","TE /RavenwoodBrentwood, TN","TE",94.35,"Clemson Tigers",148000,14600
"637","Jacob Warren","TE /FarragutKnoxville, TN","TE",86.77,"Tennessee Volunteers",148000,19600
"638","Ethan Davis","TE /Collins HillSuwanee, GA","TE",92.83,"Tennessee Volunteers",147000,82000
"639","Jalin Conyers","TE /GruverGruver, TX","TE",92.12,"Recruits",147000,15400
"640","Tyler Warren","TE /AtleeMechanicsville, VA","TE",87.5,"Penn State Nittany Lions",142000,4100
"641","Max Klare","TE /St. XavierCincinnati, OH","TE",83.67,"Purdue Boilermakers",140000,3700
"642","Maliq Carr","TE /Oak ParkOak Park, MI","TE",92.11,"Michigan State Spartans",137000,14800
"643","Terrance Ferguson","TE /HeritageLittleton, CO","TE",92.38,"Oregon Ducks",136000,47000
"644","Tyler Fromm","TE /Warner RobinsWarner Robins, GA","TE",89.83,"Auburn Tigers",124000,39000
"645","Jonathan Odom","TE /JesuitTampa, FL","TE",86.47,"Florida Gators",122000,147000
"646","Jelani Thurman","TE /Langston HughesFairburn, GA","TE",93.66,"Ohio State Buckeyes",122000,4800
"647","Lawson Luckie","TE /NorcrossNorcross, GA","TE",93.27,"Georgia Bulldogs",121000,10100
"648","Kamari Morales","TE /LincolnTallahassee, FL","TE",84.93,"North Carolina Tar Heels",120000,13400
"649","Andrew Rappleyea","TE /Milton AcademyMillbrook, NY","TE",94.15,"Penn State Nittany Lions",118000,5700
"650","Riley Williams","TE /IMG AcademyPortland, OR","TE",93.84,"Miami Hurricanes",118000,8900
"651","Kenyon Sadiq","TE /Skyline SeniorIdaho Falls, ID","TE",93.65,"Oregon Ducks",114000,6000
"652","Ka'Morreun Pimpton","TE /North CrowleyFort Worth, TX","TE",93.25,"Lsu Tigers",113000,2800
"653","Ty Lockwood","TE /IndependenceThompson's Station, TN","TE",91.25,"Alabama Crimson Tide",113000,10600
"654","Jaden Platt","TE /EatonHaslet, TX","TE",91.35,"Texas Am Aggies",110000,3300
"655","Joe Royer","TE /ElderCincinnati, OH","TE",89.01,"Ohio State Buckeyes",110000,14500
"656","Markeston Douglas","TE /HaywoodBrownsville, TN","TE",82.53,"Florida State Seminoles",108000,6200
"657","Cameron Hite","TE /GreenevilleGreeneville, TN","TE",83.28,"Wake Forest Demon Deacons",106000,1200
"658","Bryson Nesbit","TE /South MecklenburgCharlotte, NC","TE",90.64,"North Carolina Tar Heels",105000,11200
"659","Luke Lachey","TE /Grandview HeightsColumbus, OH","TE",88.13,"Iowa Hawkeyes",103000,4200
"660","Max Wright","TE /TaylorKaty, TX","TE",92.56,"Texas Am Aggies",102000,13500
"661","Jude Wolfe","TE /St. John BoscoBellflower, CA","TE",91.49,"Usc Trojans",101000,6100
"662","Dante Zanders","TE /Boca RatonBoca Raton, FL","TE",87.4,"Recruits",1e+05,7100
"663","Holden Staes","TE /Westminster SchoolAtlanta, GA","TE",91.13,"Notre Dame Fighting Irish",1e+05,6900
"664","Jordan Dingle","TE /Bowling GreenBowling Green, KY","TE",88.67,"Kentucky Wildcats",99000,6800
"665","Theo Johnson","TE /Holy Names High SchoolWindsor, PA","TE",94.76,"Penn State Nittany Lions",98000,14600
"666","Nate Boerkircher","TE /AuroraAurora, NE","TE",0,"Nebraska Cornhuskers",95000,3400
"667","Daequan Wright","TE /PerryPerry, GA","TE",87.92,"Virginia Tech Hokies",94000,931
"668","CJ Dippre","TE /LakelandJermyn, PA","TE",85,"Alabama Crimson Tide",90000,10200
"669","Shamar Easter","TE /AshdownAshdown, AR","TE",92.3,"Arkansas Razorbacks",88000,5400
"670","Mac Markway","TE /DeSmetSaint Louis, MO","TE",91.11,"Lsu Tigers",86000,7400
"671","Robbie Ouzts","TE /Rock HillRock Hill, SC","TE",87.4,"Alabama Crimson Tide",86000,3400
"672","Bryce Drummond","TE /PawhuskaPawhuska, OK","TE",82.08,"Oklahoma State Cowboys",86000,65000
"673","Mason Fairchild","TE /AndaleAndale, KS","TE",79.66,"Kansas Jayhawks",85000,2700
"674","Austin Stogner","TE /Prestonwood ChristianPlano, TX","TE",93.1,"Oklahoma Sooners",85000,37000
"675","Theo Melin Ohrstrom","TE /Clearwater Academy InternationalClearwater, FL","TE",90.23,"Texas Am Aggies",84000,3000
"676","Kaden Helms","TE /Bellevue WestBellevue, NE","TE",90.91,"Oklahoma Sooners",84000,106000
"677","Brevyn Spann-Ford","TE /St. Cloud TechnicalSaint Cloud, MN","TE",85.33,"Minnesota Golden Gophers",82000,3500
"678","Grayson Barnes","TE /RocklinSacramento, CA","TE",83.48,"Northern Illinois Huskies",81000,714
"679","Gee Scott Jr.","TE /Eastside CatholicSammamish, WA","TE",95.74,"Ohio State Buckeyes",77000,145000
"680","Jaleel Skinner","TE /IMG AcademyGreer, SC","TE",94.28,"Miami Hurricanes",76000,23000
"681","Caden Prieskorn","TE /Fork Union Military (HS)Lake Orion, MI","TE",0,"Ole Miss Rebels",75000,1700
"682","Oronde Gadsden II","TE /American HeritageFort Lauderdale, FL","TE",84.63,"Syracuse Orange",74000,2700
"683","Blake Bosma","TE /West Ottawa HSHolland, MI","TE",0,"Western Michigan Broncos",74000,470
"684","Cooper Mathers","TE /O'DeaSeattle, WA","TE",0,"Washington State Cougars",73000,1100
"685","Jason Llewellyn","TE /AledoAledo, TX","TE",88.5,"Oklahoma Sooners",72000,18400
"686","Nick Elksnis","TE /EpiscopalJacksonville, FL","TE",89.39,"South Carolina Gamecocks",72000,8400
"687","Brett Norfleet","TE /Francis HowellSaint Charles, MO","TE",91.15,"Missouri Tigers",71000,4000
"688","Brennan Parachek","TE /DexterDexter, MI","TE",90.1,"Michigan State Spartans",70000,4800
"689","Cam McCormick","TE /SummitBend, OR","TE",88.03,"Miami Hurricanes",67000,9700
"690","Joey Schlaffer","TE /Exeter TownshipReading, PA","TE",89.66,"Penn State Nittany Lions",67000,5300
"691","Marlin Klein","TE /Rabun Gap-Nacoochee SchoolRabun Gap, GA","TE",88.55,"Michigan Wolverines",66000,7500
"692","Elijah Arroyo","TE /IndependenceFrisco, TX","TE",92.5,"Miami Hurricanes",66000,8800
"693","Patrick Herbert","TE /SheldonEugene, OR","TE",91.47,"Oregon Ducks",66000,18700
"694","Matthew Hibner","TE /Lake BraddockBurke, VA","TE",88.12,"Michigan Wolverines",65000,5300
"695","Carsten Groos","TE /AndersonAustin, TX","TE",0,"Recruits",64000,4200
"696","Josh Beetham","TE /YorkvilleYorkville, IL","TE",0,"Illinois Fighting Illini",63000,2400
"697","AJ Barner","TE /AuroraAurora, OH","TE",83.23,"Michigan Wolverines",63000,7100
"698","Noah Howes","TE /RochesterRochester, MI","TE",0,"Recruits",62000,1400
"699","Brenden Bates","TE /Archbishop MoellerCincinnati, OH","TE",87.7,"Kentucky Wildcats",61000,85000
"700","Josh Sapp","TE /GreenvilleGreenville, SC","TE",83.13,"Clemson Tigers",61000,14200
"701","Evan Stewart","WR /LibertyFrisco, TX","WR",98.43,"Texas Am Aggies",1200000,2400000
"702","Marvin Harrison Jr.","WR /St. Joseph's Prep SchoolPhiladelphia, PA","WR",95.08,"Ohio State Buckeyes",1200000,488000
"703","Xavier Worthy","WR /Central EastFresno, CA","WR",95.76,"Texas Longhorns",810000,150000
"704","Keon Coleman","WR /Opelousas Catholic SchoolOpelousas, LA","WR",89.67,"Florida State Seminoles",773000,135000
"705","Malik Nabers","WR /SouthsideYoungsville, LA","WR",91.73,"Lsu Tigers",741000,34000
"706","Zachariah Branch","WR /Bishop GormanLas Vegas, NV","WR",99.16,"Usc Trojans",690000,233000
"707","Luther Burden","WR /East St. LouisSaint Louis, MO","WR",98.8,"Missouri Tigers",680000,76000
"708","Rome Odunze","WR /Bishop GormanLas Vegas, NV","WR",91.96,"Washington Huskies",644000,12900
"709","Troy Franklin","WR /Menlo-AthertonMenlo Park, CA","WR",96.23,"Oregon Ducks",604000,50000
"710","Xavier Legette","WR /MullinsMullins, SC","WR",86.03,"South Carolina Gamecocks",601000,16600
"711","Roman Wilson","WR /St. LouisHonolulu, HI","WR",90.49,"Michigan Wolverines",564000,143000
"712","Johnny Wilson","WR /CalabasasCalabasas, CA","WR",90.28,"Recruits",529000,48000
"713","Brian Thomas Jr.","WR /WalkerWalker, LA","WR",94.46,"Lsu Tigers",501000,12900
"714","Jacob Cowing","WR /MaricopaMaricopa, AZ","WR",76.32,"Arizona Wildcats",483000,7700
"715","Emeka Egbuka","WR /SteilacoomSteilacoom, WA","WR",97.86,"Ohio State Buckeyes",477000,104000
"716","Brenden Rice","WR /HamiltonChandler, AZ","WR",88.82,"Usc Trojans",467000,191000
"717","Xavier Restrepo","WR /Deerfield BeachDeerfield Beach, FL","WR",86.53,"Miami Hurricanes",429000,36000
"718","AD Mitchell","WR /Cane RidgeAntioch, TN","WR",90.39,"Texas Longhorns",399000,51000
"719","Jamari Thrash","WR /Troup CountyLagrange, GA","WR",81.5,"Louisville Cardinals",397000,1900
"720","Nyckoles Harbor","WR /Archbishop CarrollWashington, DC","WR",97.53,"South Carolina Gamecocks",397000,91000
"721","Tre Harris","WR /ComeauxLafayette, LA","WR",80.08,"Ole Miss Rebels",384000,3400
"722","Duce Robinson","WR /PinnaclePhoenix, AZ","WR",97.48,"Usc Trojans",369000,17800
"723","Johntay Cook II","WR /DeSotoDeSoto, TX","WR",97.23,"Texas Longhorns",365000,232000
"724","KeAndre Lambert-Smith","WR /MauryNorfolk, VA","WR",91.85,"Penn State Nittany Lions",362000,286000
"725","Jordan Watkins","WR /Butler TraditionalLouisville, KY","WR",85.07,"Ole Miss Rebels",353000,40000
"726","Jalen McMillan","WR /San Joaquin MemorialFresno, CA","WR",95.05,"Washington Huskies",352000,16800
"727","Malik Washington","WR /ParkviewLilburn, GA","WR",85.6,"Virginia Cavaliers",338000,2700
"728","Kris Mitchell","WR /MandarinJacksonville, FL","WR",81.5,"Fiu Golden Panthers",333000,660000
"729","Tory Horton","WR /Washington UnionFresno, CA","WR",79.51,"Colorado State Rams",332000,753
"730","Ricky Pearsall","WR /Corona Del SolTempe, AZ","WR",83.1,"Recruits",327000,52000
"731","Makai Lemon","WR /Los AlamitosLos Alamitos, CA","WR",96.8,"Usc Trojans",322000,21000
"732","Brandon Inniss","WR /TRU Prep AcademyMiami Gardens, FL","WR",97,"Ohio State Buckeyes",312000,118000
"733","Jimmy Horn Jr.","WR /SeminoleSanford, FL","WR",88,"Colorado Buffaloes",278000,109000
"734","Malachi Corley","WR /CampbellsvilleCampbellsville, KY","WR",77.77,"Western Kentucky Hilltoppers",273000,4300
"735","Noah Thomas","WR /Clear SpringsLeague City, TX","WR",89.28,"Texas Am Aggies",270000,88000
"736","Hykeem Williams","WR /StranahanFort Lauderdale, FL","WR",97.13,"Florida State Seminoles",258000,48000
"737","Xavier Weaver","WR /Orlando Christian PrepOrlando, FL","WR",80.48,"Colorado Buffaloes",255000,4900
"738","Caullin Lacy","WR /Faith AcademyMobile, AL","WR",80.96,"South Alabama Jaguars",253000,108
"739","Tahj Washington","WR /MarshallMarshall, TX","WR",81.08,"Recruits",245000,13500
"740","Jalen Hale","WR /LongviewLongview, TX","WR",96.66,"Alabama Crimson Tide",240000,35000
"741","Jurrion Dickey","WR /Menlo-AthertonPalo Alto, CA","WR",97.3,"Oregon Ducks",237000,23000
"742","Carnell Tate","WR /IMG AcademyChicago, IL","WR",96.49,"Ohio State Buckeyes",237000,67000
"743","Jordan Whittington","WR /CueroCuero, TX","WR",96.23,"Texas Longhorns",232000,69000
"744","Andrel Anthony","WR /East LansingEast Lansing, MI","WR",87.77,"Oklahoma Sooners",230000,207000
"745","Jermaine Burton","WR /CalabasasCalabasas, CA","WR",94.73,"Alabama Crimson Tide",219000,67000
"746","Dorian Singer","WR /PinnaclePhoenix, AZ","WR",84.03,"Usc Trojans",207000,14000
"747","Will Sheppard","WR /MandevilleMandeville, LA","WR",84.2,"Vanderbilt Commodores",199000,6000
"748","DeAndre Moore Jr.","WR /St. John BoscoLos Alamitos, CA","WR",93.9,"Texas Longhorns",198000,23000
"749","Casey Cain","WR /Warren EastonNew Orleans, LA","WR",85.3,"Texas Longhorns",197000,57000
"750","Isaiah Neyor","WR /LamarArlington, TX","WR",77.55,"Recruits",197000,12800
"751","Kobe Hudson","WR /Troup CountyLagrange, GA","WR",93.79,"Ucf Knights",189000,19600
"752","J.Michael Sturdivant","WR /MarcusFlower Mound, TX","WR",93.47,"Ucla Bruins",188000,8400
"753","Julian Fleming","WR /Southern ColumbiaCatawissa, PA","WR",99.35,"Ohio State Buckeyes",182000,114000
"754","Noah Rogers","WR /RolesvilleRolesville, NC","WR",96.08,"Ohio State Buckeyes",180000,19300
"755","Ja'Lynn Polk","WR /LufkinLufkin, TX","WR",88.4,"Recruits",180000,3300
"756","Cornelius Johnson","WR /Brunswick SchoolGreenwich, CT","WR",92.07,"Michigan Wolverines",176000,30000
"757","Dont'e Thornton","WR /Mount Saint JosephBaltimore, MD","WR",95.14,"Tennessee Volunteers",175000,99000
"758","Dayton Wade","WR /LovejoyHampton, GA","WR",79.27,"Ole Miss Rebels",167000,131000
"759","Bru McCoy","WR /Mater DeiSanta Ana, CA","WR",97.63,"Tennessee Volunteers",165000,35000
"760","Ryan Niblett","WR /Aldine EisenhowerHouston, TX","WR",95.43,"Texas Longhorns",160000,5600
"761","A.J. Henning","WR /Lincoln-Way EastFrankfort, IL","WR",94.09,"Recruits",160000,567000
"762","Malachi Coleman","WR /Lincoln EastLincoln, NE","WR",95.65,"Nebraska Cornhuskers",157000,29000
"763","Mario Williams","WR /Plant CityPlant City, FL","WR",96.72,"Recruits",154000,86000
"764","Jalen Brown","WR /Gulliver PrepMiami, FL","WR",94.82,"Lsu Tigers",152000,26000
"765","Aidan Mizell","WR /BooneOrlando, FL","WR",94.17,"Florida Gators",148000,50000
"766","Chris Tyree","WR /Thomas DaleChester, VA","WR",94.66,"Notre Dame Fighting Irish",147000,29000
"767","Ramel Keyton","WR /MariettaMarietta, GA","WR",94.29,"Tennessee Volunteers",147000,22000
"768","Isaiah Bond","WR /BufordBuford, GA","WR",95.57,"Alabama Crimson Tide",145000,137000
"769","Ladd McConkey","WR /North MurrayChatsworth, GA","WR",83.47,"Georgia Bulldogs",145000,79000
"770","Barion Brown","WR /Pearl-CohnNashville, TN","WR",94.7,"Kentucky Wildcats",144000,35000
"771","Deion Burks","WR /BellevilleBelleville, MI","WR",84.77,"Purdue Boilermakers",144000,14100
"772","Jerjuan Newton","WR /Clearwater Central CatholicClearwater, FL","WR",85.4,"Toledo Rockets",144000,4200
"773","Shelton Sampson Jr.","WR /CatholicBaton Rouge, LA","WR",94.81,"Lsu Tigers",144000,15400
"774","Nathan Leacock","WR /MillbrookRaleigh, NC","WR",94.96,"Tennessee Volunteers",143000,9600
"775","Jaquaize Pettaway","WR /Langham CreekHouston, TX","WR",94.56,"Oklahoma Sooners",143000,21000
"776","Rodney Gallagher","WR /Laurel HighlandsUniontown, PA","WR",90,"West Virginia Mountaineers",143000,125000
"777","Kaleb Webb","WR /McEachernPowder Springs, GA","WR",91.5,"Tennessee Volunteers",142000,10900
"778","Squirrel White","WR /Clay-ChalkvillePinson, AL","WR",89.45,"Tennessee Volunteers",141000,10000
"779","Tyler Williams","WR /LakelandLakeland, FL","WR",94.46,"Georgia Bulldogs",140000,9800
"780","Chas Nimrod","WR /BentonvilleBentonville, AR","WR",88.88,"Tennessee Volunteers",140000,8900
"781","Tayvion Robinson","WR /Frank W. CoxVirginia Beach, VA","WR",88.81,"Kentucky Wildcats",135000,15300
"782","Eric McAlister","WR /AzleAzle, TX","WR",84.17,"Boise State Broncos",132000,3900
"783","Malik Benson","WR /LansingLansing, KS","WR",95.24,"Alabama Crimson Tide",131000,17700
"784","Ray Ray Joseph","WR /EdisonMiami, FL","WR",93.18,"Miami Hurricanes",130000,38000
"785","Nate McCollum","WR /DutchtownHampton, GA","WR",89.81,"North Carolina Tar Heels",130000,5000
"786","Cordale Russell","WR /North MesquiteMesquite, TX","WR",94.7,"Tcu Horned Frogs",128000,21000
"787","Ja'Corey Brooks","WR /IMG AcademyBradenton, FL","WR",96.88,"Alabama Crimson Tide",128000,78000
"788","Mycah Pittman","WR /CalabasasCalabasas, CA","WR",94.2,"Utah Utes",127000,307000
"789","Ayden Williams","WR /RidgelandRidgeland, MS","WR",94.69,"Ole Miss Rebels",127000,15000
"790","Braylon James","WR /Stony PointRound Rock, TX","WR",93.36,"Notre Dame Fighting Irish",124000,23000
"791","Jayden Ballard","WR /WashingtonMassillon, OH","WR",94.68,"Ohio State Buckeyes",123000,62000
"792","Xavier Johnson","WR /Summit Country Day SchoolCincinnati, OH","WR",85.55,"Recruits",121000,26000
"793","Emmanuel Henderson","WR /Geneva CountyHartford, AL","WR",96.33,"Alabama Crimson Tide",120000,53000
"794","Eugene Wilson III","WR /GaitherTampa, FL","WR",94.07,"Florida Gators",120000,6000
"795","Anthony Evans","WR /JudsonConverse, TX","WR",92.16,"Georgia Bulldogs",119000,25000
"796","Chris Culliver","WR /MaidenMaiden, NC","WR",93.51,"North Carolina Tar Heels",119000,16000
"797","Jaâ€™Mori Maclin","WR /KirkwoodKirkwood, IL","WR",0,"Recruits",119000,294
"798","Winston Wright","WR /Memorial Day SchoolSavannah, GA","WR",85.6,"Recruits",118000,22000
"799","Tetairoa McMillan","WR /ServiteAnaheim, CA","WR",96.45,"Arizona Wildcats",118000,24000
"800","Lincoln Victor","WR /UnionVancouver, WA","WR",80.32,"Recruits",118000,15200
"801","Blake Corum","RB /St. Frances AcademyLaurel, MD","RB",93.42,"Michigan Wolverines",845000,187000
"802","Braelon Allen","RB /Fond Du LacFond Du Lac, WI","RB",92.78,"Wisconsin Badgers",681000,137000
"803","Audric Estime","RB /St Joseph RegionalMontvale, NJ","RB",91.31,"Notre Dame Fighting Irish",664000,43000
"804","Bucky Irving","RB /HillcrestCountry Club Hills, IL","RB",89.9,"Oregon Ducks",645000,312000
"805","Jonathon Brooks","RB /HallettsvilleHallettsville, TX","RB",90.44,"Texas Longhorns",592000,25000
"806","Omarion Hampton","RB /ClevelandClayton, NC","RB",93.38,"North Carolina Tar Heels",578000,20000
"807","Jaylen Wright","RB /SouthernDurham, NC","RB",87.98,"Tennessee Volunteers",565000,12200
"808","TreVeyon Henderson","RB /HopewellHopewell, VA","RB",97.5,"Ohio State Buckeyes",547000,133000
"809","Ray Davis","RB /Blair AcademyBlairstown, NJ","RB",81.05,"Kentucky Wildcats",533000,12700
"810","Jawhar Jordan","RB /HamiltonChandler, AZ","RB",85.97,"Louisville Cardinals",507000,5100
"811","Damien Martinez","RB /LewisvilleLewisville, TX","RB",87.38,"Oregon State Beavers",460000,4300
"812","CJ Baxter Jr.","RB /EdgewaterOrlando, FL","RB",97.26,"Texas Longhorns",447000,39000
"813","MarShawn Lloyd","RB /DeMatha CatholicHyattsville, MD","RB",95.98,"Usc Trojans",427000,42000
"814","Quinshon Judkins","RB /Pike RoadPike Road, AL","RB",88.28,"Ole Miss Rebels",420000,143000
"815","Darius Taylor","RB /Walled Lake WesternWalled Lake, MI","RB",89.63,"Minnesota Golden Gophers",406000,1600
"816","Ashton Jeanty","RB /Lone StarFrisco, TX","RB",85.51,"Boise State Broncos",374000,1900
"817","Nate Noel","RB /NorthwesternMiami, FL","RB",0,"Recruits",352000,2100
"818","Justice Haynes","RB /BufordRoswell, GA","RB",97.14,"Alabama Crimson Tide",351000,66000
"819","Emani Bailey","RB /RyanDenton, TX","RB",82.6,"Tcu Horned Frogs",337000,3800
"820","Trey Benson","RB /St JosephGreenville, MS","RB",89.37,"Florida State Seminoles",332000,47000
"821","Tahj Brooks","RB /ManorManor, TX","RB",86.53,"Texas Tech Red Raiders",320000,15800
"822","Trevor Etienne","RB /JenningsJennings, LA","RB",90.36,"Florida Gators",317000,74000
"823","Devin Neal","RB /LawrenceLawrence, KS","RB",89.04,"Kansas Jayhawks",316000,5800
"824","Nick Singleton","RB /Governor MifflinReading, PA","RB",97.17,"Penn State Nittany Lions",311000,52000
"825","Rasheen Ali","RB /Shaker HeightsCleveland, OH","RB",0,"Marshall Thundering Herd",289000,5400
"826","Jase McClellan","RB /AledoAledo, TX","RB",95.88,"Alabama Crimson Tide",285000,7300
"827","Dylan Edwards","RB /DerbyDerby, KS","RB",92.43,"Colorado Buffaloes",283000,141000
"828","Jo'Quavious Marks","RB /CarverAtlanta, GA","RB",92.79,"Mississippi State Bulldogs",280000,14200
"829","Daijun Edwards","RB /Colquitt CountyMoultrie, GA","RB",90.05,"Georgia Bulldogs",259000,11200
"830","Will Shipley","RB /WeddingtonMatthews, NC","RB",96.56,"Clemson Tigers",257000,95000
"831","Kyle Monangai","RB /Don Bosco PrepRamsey, NJ","RB",80.6,"Rutgers Scarlet Knights",242000,6500
"832","Rueben Owens","RB /El CampoEl Campo, TX","RB",96.89,"Texas Am Aggies",238000,50000
"833","Blake Watson","RB /Green HopeCary, NC","RB",76.05,"Memphis Tigers",206000,3300
"834","Kaytron Allen","RB /IMG AcademyNorfolk, VA","RB",93.48,"Penn State Nittany Lions",202000,22000
"835","Logan Diggs","RB /Archbishop RummelMetairie, LA","RB",88.37,"Lsu Tigers",194000,24000
"836","Donovan Edwards","RB /West BloomfieldWest Bloomfield, MI","RB",96.61,"Michigan Wolverines",193000,65000
"837","Jarquez Hunter","RB /Neshoba CentralPhiladelphia, MS","RB",85.93,"Auburn Tigers",192000,40000
"838","Jaydon Blue","RB /Klein CainHouston, TX","RB",92.25,"Texas Longhorns",192000,10200
"839","Jaydn Ott","RB /NorcoNorco, CA","RB",89.97,"California Golden Bears",187000,18300
"840","Peny Boone","RB /Martin Luther KingDetroit, MI","RB",89.07,"Toledo Rockets",173000,38000
"841","Richard Young","RB /Lehigh SeniorLehigh Acres, FL","RB",95.51,"Alabama Crimson Tide",172000,42000
"842","Corey Kiner","RB /Roger BaconCincinnati, OH","RB",92.63,"Cincinnati Bearcats",170000,39000
"843","Ismail Mahdi","RB /Plano EastPlano, TX","RB",0,"Texas State Bobcats",160000,17700
"844","Carson Steele","RB /Center GroveGreenwood, IN","RB",0,"Ucla Bruins",153000,12900
"845","Kendall Milton","RB /BuchananClovis, CA","RB",95.8,"Georgia Bulldogs",153000,101000
"846","Treshaun Ward","RB /Tampa Bay TechTampa, FL","RB",82.5,"Kansas State Wildcats",152000,21000
"847","Jabari Small","RB /Briarcrest ChristianMemphis, TN","RB",87.1,"Tennessee Volunteers",148000,21000
"848","Ollie Gordon","RB /TrinityEuless, TX","RB",91.44,"Oklahoma State Cowboys",145000,12400
"849","CJ Donaldson","RB /Gulliver PrepMiami, FL","RB",85.72,"West Virginia Mountaineers",142000,12600
"850","Miyan Williams","RB /Winton WoodsCincinnati, OH","RB",86.3,"Ohio State Buckeyes",141000,66000
"851","Raheim Sanders","RB /RockledgeRockledge, FL","RB",90.24,"Arkansas Razorbacks",140000,36000
"852","Henry Parrish","RB /ColumbusMiami, FL","RB",90.69,"Miami Hurricanes",134000,13300
"853","Jordan James","RB /OaklandMurfreesboro, TN","RB",90.91,"Oregon Ducks",130000,12400
"854","Jeremiyah Love","RB /Christian Brothers CollegeSaint Louis, MO","RB",94.88,"Notre Dame Fighting Irish",129000,10000
"855","Roman Hemby","RB /John Carroll SchoolBel Air, MD","RB",81.12,"Maryland Terrapins",128000,8400
"856","Roderick Robinson II","RB /LincolnSan Diego, CA","RB",93.03,"Georgia Bulldogs",128000,18100
"857","Dante Dowdell","RB /Picayune MemorialPicayune, MS","RB",93.36,"Oregon Ducks",127000,20000
"858","Jordan Waters","RB /FairmontFairmont, NC","RB",83.43,"Duke Blue Devils",125000,6100
"859","Jonah Coleman","RB /LincolnStockton, CA","RB",88.05,"Arizona Wildcats",124000,222000
"860","Mark Fletcher","RB /American HeritageFort Lauderdale, FL","RB",93.04,"Miami Hurricanes",123000,25000
"861","Jalen Buckley","RB /BataviaAurora, IL","RB",0,"Western Michigan Broncos",121000,1700
"862","Cole Cabana","RB /DexterDexter, MI","RB",92.06,"Michigan Wolverines",121000,40000
"863","Quinten Joyner","RB /ManorManor, TX","RB",92.18,"Usc Trojans",119000,3200
"864","Cameron Seldon","RB /NorthumberlandHeathsville, VA","RB",93.33,"Tennessee Volunteers",119000,4600
"865","Nathan Carter","RB /Bishop KearneyRochester, NY","RB",79.12,"Michigan State Spartans",116000,6300
"866","Jeremiah Cobb","RB /Montgomery Catholic PreparatoryMontgomery, AL","RB",93.53,"Auburn Tigers",116000,7200
"867","Rodney Hill","RB /Bulloch AcademyStatesboro, GA","RB",88.22,"Florida State Seminoles",116000,16000
"868","Montrell Johnson","RB /De La SalleNew Orleans, LA","RB",85,"Florida Gators",112000,22000
"869","Cody Schrader","RB /Lutheran SouthSaint Louis, MO","RB",0,"Recruits",111000,5600
"870","Kedrick Reescano","RB /New CaneyNew Caney, TX","RB",93.53,"Ole Miss Rebels",110000,6400
"871","Amari Daniels","RB /Miami CentralMiami, FL","RB",91.32,"Texas Am Aggies",108000,19000
"872","Dakereon Joyner","RB /Fort DorchesterNorth Charleston, SC","RB",91.11,"South Carolina Gamecocks",108000,66000
"873","Gabe Ervin Jr.","RB /BufordBuford, GA","RB",87.78,"Nebraska Cornhuskers",107000,19100
"874","Rahmir Johnson","RB /Bergen CatholicOradell, NJ","RB",89,"Nebraska Cornhuskers",101000,14500
"875","Kaleb Jackson","RB /Liberty Magnet High SchoolBaton Rouge, LA","RB",92.26,"Lsu Tigers",1e+05,4900
"876","LeQuint Allen","RB /MillvilleMillville, NJ","RB",85.85,"Syracuse Orange",99000,12000
"877","Daylan Smothers","RB /West CharlotteCharlotte, NC","RB",89.49,"Oklahoma Sooners",99000,95000
"878","Trey Holly","RB /Union ParishFarmerville, LA","RB",91.06,"Lsu Tigers",96000,25000
"879","Josh Williams","RB /The Kinkaid SchoolHouston, TX","RB",77.27,"Lsu Tigers",94000,25000
"880","Roydell Williams","RB /Hueytown Hueytown, AL","RB",94.5,"Alabama Crimson Tide",94000,15200
"881","Sevaughn Clark","RB /Dawson CountyDawsonville, GA","RB",0,"Recruits",90000,388000
"882","Treyaun Webb","RB /Trinity Christian AcademyJacksonville, FL","RB",89.76,"Florida Gators",88000,32000
"883","Ulysses Bentley","RB /C.E. KingHouston, TX","RB",82.1,"Ole Miss Rebels",87000,11300
"884","Demond Claiborne","RB /King WilliamKing William, VA","RB",91.07,"Wake Forest Demon Deacons",87000,915
"885","Le'Veon Moss","RB /Istrouma SeniorBaton Rouge, LA","RB",94.77,"Texas Am Aggies",84000,3200
"886","A'Marion Peterson","RB /HirschiWichita Falls, TX","RB",89.3,"Usc Trojans",78000,1800
"887","Emeka Megwa","RB /Timber CreekKeller, TX","RB",89.5,"Oklahoma Sooners",77000,34000
"888","Juju McDowell","RB /Lee CountyLeesburg, GA","RB",86.72,"South Carolina Gamecocks",75000,12100
"889","Trey Sanders","RB /IMG AcademyBradenton, FL","RB",98.21,"Tcu Horned Frogs",75000,60000
"890","Jovantae Barnes","RB /Desert PinesLas Vegas, NV","RB",94.01,"Oklahoma Sooners",72000,12800
"891","Don Chaney Jr.","RB /Belen Jesuit PrepMiami, FL","RB",93.15,"Miami Hurricanes",72000,17000
"892","CJ Stokes","RB /Hammond SchoolColumbia, SC","RB",86.2,"Michigan Wolverines",71000,15000
"893","Marcus Major","RB /MillwoodOklahoma City, OK","RB",90.12,"Oklahoma Sooners",71000,10700
"894","Ramon Jefferson","RB /Harry S TrumanBronx, NY","RB",0,"Kentucky Wildcats",69000,30000
"895","Kavosiey Smoke","RB /WetumpkaWetumpka, AL","RB",86.53,"Colorado Buffaloes",68000,38000
"896","Dylan Sampson","RB /DutchtownGeismar, LA","RB",89.05,"Tennessee Volunteers",68000,8500
"897","Jayden Limar","RB /Lake StevensLake Stevens, WA","RB",90.5,"Oregon Ducks",67000,9600
"898","Jaden Knowles","RB /KennedaleKennedale, TX","RB",0,"Recruits",67000,22000
"899","Pierce Hudgens","RB /Flower MoundFlower Mound, TX","RB",0,"Oklahoma Sooners",66000,3100
"900","Isaiah Augustave","RB /NaplesNaples, FL","RB",90.45,"Arkansas Razorbacks",66000,2800
"901","Shedeur Sanders","QB /Trinity Christian SchoolCedar Hill, TX","QB",89.16,"Colorado Buffaloes",4800000,2300000
"902","Arch Manning","QB /Isidore NewmanNew Orleans, LA","QB",99.53,"Texas Longhorns",2800000,277000
"903","Caleb Williams","QB /Gonzaga Washington, DC","QB",98.76,"Usc Trojans",2700000,352000
"904","Spencer Rattler","QB /PinnaclePhoenix, AZ","QB",97.85,"South Carolina Gamecocks",1500000,577000
"905","J.J. McCarthy","QB /IMG AcademyLa Grange Park, IL","QB",96.08,"Michigan Wolverines",1400000,283000
"906","Bo Nix","QB /Scottsboro SchPinson, AL","QB",96.61,"Oregon Ducks",1400000,221000
"907","Michael Penix Jr.","QB /Tampa Bay TechTampa, FL","QB",87.4,"Washington Huskies",1300000,55000
"908","Jayden Daniels","QB /CajonSan Bernardino, CA","QB",95.6,"Lsu Tigers",1300000,107000
"909","Drake Maye","QB /Myers ParkCharlotte, NC","QB",96.11,"North Carolina Tar Heels",1300000,83000
"910","Sam Hartman","QB /Oceanside Collegiate AcademyMount Pleasant, SC","QB",85.63,"Notre Dame Fighting Irish",1300000,254000
"911","Dillon Gabriel","QB /MililaniMililani, HI","QB",86.8,"Oklahoma Sooners",1200000,122000
"912","Quinn Ewers","QB /Southlake CarrollSouthlake, TX","QB",99.24,"Texas Longhorns",1100000,233000
"913","Drew Allar","QB /MedinaMedina, OH","QB",97.15,"Penn State Nittany Lions",1100000,105000
"914","Nico Iamaleava","QB /WarrenLong Beach, CA","QB",99.01,"Tennessee Volunteers",1100000,332000
"915","Jordan Travis","QB /The Benjamin SchoolNorth Palm Beach, FL","QB",85,"Florida State Seminoles",984000,143000
"916","Carson Beck","QB /MandarinJacksonville, FL","QB",91.28,"Georgia Bulldogs",955000,93000
"917","Malachi Nelson","QB /Los AlamitosLos Alamitos, CA","QB",98.8,"Usc Trojans",835000,170000
"918","Dante Moore","QB /Martin Luther KingDetroit, MI","QB",99.22,"Ucla Bruins",833000,68000
"919","DJ Uiagalelei","QB /St. John BoscoBellflower, CA","QB",98.32,"Oregon State Beavers",764000,195000
"920","Jaxson Dart","QB /Corner CanyonDraper, UT","QB",96.23,"Ole Miss Rebels",760000,95000
"921","Tyler Van Dyke","QB /Suffield AcademyGlastonbury, CT","QB",90.58,"Miami Hurricanes",753000,31000
"922","Jackson Arnold","QB /GuyerDenton, TX","QB",98.94,"Oklahoma Sooners",747000,57000
"923","Taulia Tagovailoa","QB /ThompsonAlabaster, AL","QB",91.89,"Maryland Terrapins",742000,154000
"924","Jalen Milroe","QB /TompkinsKaty, TX","QB",94.5,"Alabama Crimson Tide",733000,126000
"925","Kyle McCord","QB /St. Joseph'sPhiladelphia, PA","QB",97.08,"Ohio State Buckeyes",732000,80000
"926","Brady Cook","QB /Chaminade College PrepSaint Louis, MO","QB",86.5,"Missouri Tigers",680000,16400
"927","Graham Mertz","QB /Blue Valley NorthMission, KS","QB",95.33,"Recruits",661000,97000
"928","Cameron Ward","QB /ColumbiaWest Columbia, TX","QB",0,"Washington State Cougars",656000,119000
"929","Joe Milton","QB /OlympiaOrlando, FL","QB",90.9,"Tennessee Volunteers",602000,122000
"930","Conner Weigman","QB /BridgelandCypress, TX","QB",97.08,"Texas Am Aggies",494000,43000
"931","KJ Jefferson","QB /North PanolaSardis, MS","QB",90.27,"Arkansas Razorbacks",481000,53000
"932","Jalon Daniels","QB /LawndaleLawndale, CA","QB",79.82,"Kansas Jayhawks",472000,96000
"933","Michael Pratt","QB /Deerfield BeachDeerfield Beach, FL","QB",83.37,"Tulane Green Wave",445000,16900
"934","Riley Leonard","QB /FairhopeFairhope, AL","QB",87.6,"Duke Blue Devils",434000,14600
"935","Jaden Rashada","QB /PittsburgPittsburg, CA","QB",95.06,"Arizona State Sun Devils",4e+05,42000
"936","Haynes King","QB /LongviewLongview, TX","QB",93.13,"Georgia Tech Yellow Jackets",386000,25000
"937","Eli Holstein","QB /ZacharyZachary, LA","QB",94.65,"Alabama Crimson Tide",374000,11100
"938","Jack Plummer","QB /GilbertGilbert, AZ","QB",87.5,"Louisville Cardinals",370000,7500
"939","Devin Leary","QB /Timber CreekSicklerville, NJ","QB",89.62,"Kentucky Wildcats",355000,41000
"940","Christopher Vizzina","QB /Briarwood ChristianBirmingham, AL","QB",94.59,"Clemson Tigers",353000,30000
"941","Will Rogers","QB /BrandonBrandon, MS","QB",87.1,"Mississippi State Bulldogs",331000,58000
"942","TJ Finley","QB /PonchatoulaPonchatoula, LA","QB",88.67,"Texas State Bobcats",326000,71000
"943","Cade Klubnik","QB /WestlakeAustin, TX","QB",97.56,"Clemson Tigers",323000,117000
"944","Avery Johnson","QB /MaizeMaize, KS","QB",94.11,"Kansas State Wildcats",309000,78000
"945","John Rhys Plumlee","QB /Oak GroveHattiesburg, MS","QB",89.76,"Ucf Knights",303000,161000
"946","Austin Reed","QB /St. AugustineSaint Augustine, FL","QB",0,"Recruits",296000,11500
"947","JT Daniels","QB /Mater DeiSanta Ana, CA","QB",97.81,"Rice Owls",260000,101000
"948","Austin Novosad","QB /Dripping SpringsDripping Springs, TX","QB",93.8,"Oregon Ducks",256000,14300
"949","Will Howard","QB /Downingtown WestDowningtown, PA","QB",84.47,"Kansas State Wildcats",249000,21000
"950","Kaidon Salter","QB /Cedar HillCedar Hill, TX","QB",92.8,"Tennessee Volunteers",248000,18900
"951","Hudson Card","QB /Lake TravisAustin, TX","QB",94.95,"Purdue Boilermakers",247000,44000
"952","Chandler Morris","QB /Highland ParkDallas, TX","QB",86.72,"Tcu Horned Frogs",236000,8700
"953","Maalik Murphy","QB /Junipero SerraGardena, CA","QB",91.7,"Texas Longhorns",235000,42000
"954","Jayden de Laura","QB /St. LouisHonolulu, HI","QB",87.57,"Arizona Wildcats",226000,15900
"955","Donovan Smith","QB /FrenshipWolfforth, TX","QB",85.27,"Houston Cougars",223000,13800
"956","Cameron Rising","QB /Newbury ParkNewbury Park, CA","QB",90.68,"Recruits",212000,38000
"957","Brennan Armstrong","QB /ShelbyShelby, OH","QB",87.17,"Nc State Wolfpack",207000,14000
"958","Joey Aguilar","QB /FreedomOakley, CA","QB",87.04,"Appalachian State Mountaineers",203000,1200
"959","Tanner Mordecai","QB /MidwayWaco, TX","QB",90.64,"Wisconsin Badgers",202000,18900
"960","Noah Kim","QB /WestfieldChantilly, VA","QB",83.97,"Michigan State Spartans",198000,11500
"961","Grayson McCall","QB /Porter RidgeIndian Trail, NC","QB",77.77,"Recruits",195000,44000
"962","Kedon Slovis","QB /Desert MountainScottsdale, AZ","QB",87.67,"Byu Cougars",192000,39000
"963","Mitch Griffis","QB /Broad RunAshburn, VA","QB",87.17,"Wake Forest Demon Deacons",185000,4400
"964","Dylan Lonergan","QB /BrookwoodSnellville, GA","QB",92.74,"Alabama Crimson Tide",182000,10400
"965","JJ Kohl","QB /AnkenyAnkeny, IA","QB",92.89,"Iowa State Cyclones",180000,6600
"966","Garrett Shrader","QB /Charlotte ChristianCharlotte, NC","QB",90.32,"Recruits",178000,6000
"967","Garrett Nussmeier","QB /MarcusFlower Mound, TX","QB",94.54,"Lsu Tigers",174000,301000
"968","AJ Swann","QB /CherokeeCanton, GA","QB",88.55,"Vanderbilt Commodores",171000,11200
"969","Jacob Zeno","QB /John JaySan Antonio, TX","QB",89.67,"Uab Blazers",156000,3100
"970","Dequann Finn","QB /Martin Luther KingDetroit, MI","QB",83.68,"Toledo Rockets",155000,10500
"971","Aidan Chiles","QB /DowneyDowney, CA","QB",92.76,"Oregon State Beavers",154000,5800
"972","Seth Henigan","QB /RyanDenton, TX","QB",83.17,"Memphis Tigers",151000,3600
"973","Brock Vandagriff","QB /Prince Avenue Christian SchoolBogart, GA","QB",97.23,"Georgia Bulldogs",150000,60000
"974","Robby Ashford","QB /HooverHoover, AL","QB",89.95,"Auburn Tigers",147000,55000
"975","Davis Brin","QB /ChampionBoerne, TX","QB",82.8,"Georgia Southern Eagles",141000,4600
"976","Casey Thompson","QB /NewcastleNewcastle, OK","QB",90.01,"Recruits",141000,123000
"977","Cade McNamara","QB /Damonte RanchReno, NV","QB",90.44,"Iowa Hawkeyes",139000,112000
"978","Payton Thorne","QB /Naperville CentralNaperville, IL","QB",83.53,"Auburn Tigers",138000,38000
"979","Jeff Sims","QB /SandalwoodJacksonville, FL","QB",90.6,"Nebraska Cornhuskers",135000,40000
"980","Darren Grainger","QB /ConwayConway, SC","QB",0,"Furman Paladins",134000,3000
"981","Devin Brown","QB /Corner CanyonDraper, UT","QB",97,"Ohio State Buckeyes",133000,26000
"982","Kenny Minchey","QB /Pope John Paul IIHendersonville, TN","QB",92.56,"Notre Dame Fighting Irish",131000,6900
"983","Max Johnson","QB /Prince Avenue Christian SchoolWatkinsville, GA","QB",90.19,"Texas Am Aggies",130000,32000
"984","Ty Simpson","QB /WestviewMartin, TN","QB",97.24,"Alabama Crimson Tide",127000,40000
"985","Lincoln Kienholz","QB /T.F. RiggsPierre, SD","QB",91.99,"Ohio State Buckeyes",123000,8200
"986","Alex Orji","QB /SachseSachse, TX","QB",89.08,"Michigan Wolverines",122000,93000
"987","Malik Cunningham","QB /Park CrossingMontgomery, AL","QB",87.76,"Louisville Cardinals",119000,69000
"988","General Booty","QB /AllenAllen, TX","QB",0,"Oklahoma Sooners",119000,49000
"989","Beau Pribula","QB /Central YorkYork, PA","QB",88.5,"Penn State Nittany Lions",117000,23000
"990","Tate Rodemaker","QB /ValdostaValdosta, GA","QB",86.27,"Florida State Seminoles",115000,14400
"991","Spencer Sanders","QB /RyanDenton, TX","QB",92.38,"Ole Miss Rebels",114000,38000
"992","Miller Moss","QB /Bishop AlemanyMission Hills, CA","QB",94.81,"Usc Trojans",114000,15100
"993","Austin Simmons","QB /Moore Haven Junior/seniorPahokee, FL","QB",91.01,"Ole Miss Rebels",112000,13200
"994","Max Brown","QB /Lincoln Christian SchoolTulsa, OK","QB",84.62,"Florida Gators",111000,9500
"995","Emory Jones","QB /Heard CountyFranklin, GA","QB",94.09,"Cincinnati Bearcats",111000,97000
"996","Rickie Collins","QB /WoodlawnBaton Rouge, LA","QB",91.38,"Lsu Tigers",109000,15600
"997","Jake Garcia","QB /GraysonLoganville, GA","QB",95.87,"Missouri Tigers",108000,72000
"998","Heinrich Haarberg","QB /Kearney CatholicKearney, NE","QB",88.27,"Nebraska Cornhuskers",105000,10000
"999","Marcel Reed","QB /Montgomery Bell AcademyNashville, TN","QB",90.07,"Texas Am Aggies",104000,15500
"1000","Gunner Stockton","QB /Rabun CountyTiger, GA","QB",93.11,"Georgia Bulldogs",101000,39000
