"","Last Team","New Team","total_nil_valuation","avg_valuation","number_athletes","CurrentConference.x","address_last","lat_last","long_last","CurrentConference.y","address_new","lat_new","long_new"
"1","jackson state tigers","colorado buffaloes",7658000,957250,8,"SWAC","Jackson, Mississippi",32.2998686,-90.1830408,"Pac-12[n 3]","Boulder, CO",40.0149856,-105.270545
"2","wake forest demon deacons","notre dame fighting irish",1100000,1100000,1,"ACC","Winston-Salem, NC",36.0998131,-80.2440518,"Independent","South Bend, IN",41.6833813,-86.2500066
"3","clemson tigers","oregon state beavers",902000,902000,1,"ACC","Clemson, SC",34.6850749,-82.8364111,"Pac-12","Corvallis, OR",44.5645659,-123.2620435
"4","michigan state spartans","florida state seminoles",819000,409500,2,"Big Ten","East Lansing, MI",42.7320307,-84.4721678,"ACC","Tallahassee, FL",30.4380832,-84.2809332
"5","arizona wildcats","usc trojans",702000,234000,3,"Pac-12[n 3]","Tucson, AZ",32.2228765,-110.974847,"Pac-12[n 19]","Los Angeles, CA",34.0536909,-118.242766
"6","wisconsin badgers","florida gators",686000,686000,1,"Big Ten","Madison, WI",43.074761,-89.3837613,"SEC","Gainesville, FL",29.6519684,-82.3249846
"7","alabama crimson tide","oregon ducks",628000,314000,2,"SEC","Tuscaloosa, AL",33.2095614,-87.5675258,"Pac-12[n 19]","Eugene, OR",44.0505054,-123.0950506
"8","south carolina gamecocks","florida state seminoles",597000,298500,2,"SEC","Columbia, SC",34.0003117,-81.0331309,"ACC","Tallahassee, FL",30.4380832,-84.2809332
"9","rhode island rams","oregon ducks",580000,580000,1,"CAA","Kingston, Rhode Island",41.4801166,-71.5227103,"Pac-12[n 19]","Eugene, OR",44.0505054,-123.0950506
"10","stanford cardinal","oklahoma sooners",524000,524000,1,"Pac-12[n 6]","Stanford[n 25], CA",37.427467,-122.1702445,"Big 12[n 17]","Norman, OK",35.2225717,-97.4394816
"11","northwestern wildcats","virginia cavaliers",521000,521000,1,"Big Ten","Evanston, IL",42.0470043,-87.6846053,"ACC","Charlottesville, VA",38.029306,-78.4766781
"12","georgia bulldogs","texas longhorns",488000,488000,1,"SEC","Athens, GA",33.9597677,-83.376398,"Big 12[n 17]","Austin, TX",30.2711286,-97.7436995
"13","louisiana tech bulldogs","ole miss rebels",474000,474000,1,"C-USA","Ruston, LA",32.5232053,-92.637927,"SEC","University[n 18], MS",43.7978613,-79.3919089889469
"14","florida gators","virginia tech hokies",463000,463000,1,"SEC","Gainesville, FL",29.6519684,-82.3249846,"ACC","Blacksburg, VA",37.2296566,-80.4136767
"15","nc state wolfpack","kentucky wildcats",456000,228000,2,"ACC","Raleigh, NC",35.7803977,-78.6390989,"SEC","Lexington, KY",38.0464066,-84.4970393
"16","georgia bulldogs","usc trojans",446000,446000,1,"SEC","Athens, GA",33.9597677,-83.376398,"Pac-12[n 19]","Los Angeles, CA",34.0536909,-118.242766
"17","oregon ducks","arizona wildcats",446000,446000,1,"Pac-12[n 19]","Eugene, OR",44.0505054,-123.0950506,"Pac-12[n 3]","Tucson, AZ",32.2228765,-110.974847
"18","south carolina gamecocks","usc trojans",410000,410000,1,"SEC","Columbia, SC",34.0003117,-81.0331309,"Pac-12[n 19]","Los Angeles, CA",34.0536909,-118.242766
"19","vanderbilt commodores","kentucky wildcats",400000,400000,1,"SEC","Nashville, TN",36.1622767,-86.7742984,"SEC","Lexington, KY",38.0464066,-84.4970393
"20","tulsa golden hurricane","auburn tigers",387000,193500,2,"American","Tulsa, OK",36.1563122,-95.9927516,"SEC","Auburn, AL",32.6405377,-85.4626848
"21","california golden bears","louisville cardinals",385000,385000,1,"Pac-12[n 6]","Berkeley, CA",37.8708393,-122.272863,"ACC","Louisville, KY",38.2542376,-85.759407
"22","georgia state panthers","louisville cardinals",365000,182500,2,"Sun Belt","Atlanta, GA",33.7489924,-84.3902644,"ACC","Louisville, KY",38.2542376,-85.759407
"23","minnesota golden gophers","west virginia mountaineers",345000,345000,1,"Big Ten","Minneapolis, MN",44.9772995,-93.2654692,"Big 12","Morgantown, WV",39.6296809,-79.9559437
"24","stanford cardinal","michigan wolverines",336000,168000,2,"Pac-12[n 6]","Stanford[n 25], CA",37.427467,-122.1702445,"Big Ten","Ann Arbor, MI",42.2813722,-83.7484616
"25","michigan wolverines","iowa hawkeyes",281000,140500,2,"Big Ten","Ann Arbor, MI",42.2813722,-83.7484616,"Big Ten","Iowa City, IA",41.6612561,-91.5299106
"26","west virginia mountaineers","rice owls",273000,273000,1,"Big 12","Morgantown, WV",39.6296809,-79.9559437,"American","Houston, TX",29.7589382,-95.3676974
"27","old dominion monarchs","memphis tigers",264000,264000,1,"Sun Belt","Norfolk, VA",36.8448348,-76.2863999,"American","Memphis, TN",35.1460249,-90.0517638
"28","auburn tigers","texas state bobcats",261000,261000,1,"SEC","Auburn, AL",32.6405377,-85.4626848,"Sun Belt","San Marcos, TX",29.8826436,-97.9405828
"29","southeastern louisiana lions","minnesota golden gophers",257000,257000,1,"Southland","Hammond, Louisiana",30.5043583,-90.4611995,"Big Ten","Minneapolis, MN",44.9772995,-93.2654692
"30","georgia tech yellow jackets","ole miss rebels",249000,249000,1,"ACC","Atlanta, GA",33.7489924,-84.3902644,"SEC","University[n 18], MS",43.7978613,-79.3919089889469
"31","texas longhorns","purdue boilermakers",247000,247000,1,"Big 12[n 17]","Austin, TX",30.2711286,-97.7436995,"Big Ten","West Lafayette, IN",40.4258686,-86.9080655
"32","georgia state panthers","usc trojans",241000,241000,1,"Sun Belt","Atlanta, GA",33.7489924,-84.3902644,"Pac-12[n 19]","Los Angeles, CA",34.0536909,-118.242766
"33","florida gators","nebraska cornhuskers",233000,77666.67,3,"SEC","Gainesville, FL",29.6519684,-82.3249846,"Big Ten","Lincoln, NE",40.8088861,-96.7077751
"34","boston college eagles","wisconsin badgers",228000,228000,1,"ACC","Chestnut Hill, MA",42.3306529,-71.1661647,"Big Ten","Madison, WI",43.074761,-89.3837613
"35","louisville cardinals","kansas jayhawks",227000,227000,1,"ACC","Louisville, KY",38.2542376,-85.759407,"Big 12","Lawrence, KS",38.9719384,-95.2359496
"36","michigan wolverines","oklahoma sooners",223000,223000,1,"Big Ten","Ann Arbor, MI",42.2813722,-83.7484616,"Big 12[n 17]","Norman, OK",35.2225717,-97.4394816
"37","ole miss rebels","ohio state buckeyes",223000,111500,2,"SEC","University[n 18], MS",43.7978613,-79.3919089889469,"Big Ten","Columbus, OH",39.9622601,-83.0007065
"38","liberty flames","ole miss rebels",216000,216000,1,"C-USA","Lynchburg, VA",37.4137536,-79.1422464,"SEC","University[n 18], MS",43.7978613,-79.3919089889469
"39","arkansas razorbacks","texas longhorns",210000,210000,1,"SEC","Fayetteville, AR",36.0625843,-94.1574328,"Big 12[n 17]","Austin, TX",30.2711286,-97.7436995
"40","virginia cavaliers","nc state wolfpack",208000,208000,1,"ACC","Charlottesville, VA",38.029306,-78.4766781,"ACC","Raleigh, NC",35.7803977,-78.6390989
"41","uc davis aggies","tennessee volunteers",207000,207000,1,"Big Sky","Davis, California",38.5435526,-121.739005,"SEC","Knoxville, TN",35.9603948,-83.9210261
"42","kent state golden flashes","north carolina tar heels",206000,206000,1,"MAC","Kent, OH",41.1513108,-81.3578047,"ACC","Chapel Hill, NC",35.9131542,-79.05578
"43","smu mustangs","wisconsin badgers",204000,204000,1,"American","Dallas[n 23], TX",32.7762719,-96.7968559,"Big Ten","Madison, WI",43.074761,-89.3837613
"44","arkansas razorbacks","south carolina gamecocks",202000,202000,1,"SEC","Fayetteville, AR",36.0625843,-94.1574328,"SEC","Columbia, SC",34.0003117,-81.0331309
"45","pittsburgh panthers","byu cougars",192000,192000,1,"ACC","Pittsburgh[n 21], PA",40.4416941,-79.9900861,"Big 12","Provo, UT",40.2337289,-111.6587085
"46","wake forest demon deacons","texas longhorns",192000,192000,1,"ACC","Winston-Salem, NC",36.0998131,-80.2440518,"Big 12[n 17]","Austin, TX",30.2711286,-97.7436995
"47","western kentucky hilltoppers","auburn tigers",192000,192000,1,"C-USA","Bowling Green, KY",36.9903199,-86.4436018,"SEC","Auburn, AL",32.6405377,-85.4626848
"48","notre dame fighting irish","lsu tigers",189000,189000,1,"Independent","South Bend, IN",41.6833813,-86.2500066,"SEC","Baton Rouge, LA",30.4494155,-91.1869659
"49","texas state bobcats","boston college eagles",189000,189000,1,"Sun Belt","San Marcos, TX",29.8826436,-97.9405828,"ACC","Chestnut Hill, MA",42.3306529,-71.1661647
"50","washington state cougars","usc trojans",187000,187000,1,"Pac-12","Pullman, WA",46.7304268,-117.173895,"Pac-12[n 19]","Los Angeles, CA",34.0536909,-118.242766
"51","western michigan broncos","florida state seminoles",186000,186000,1,"MAC","Kalamazoo, MI",42.291707,-85.5872286,"ACC","Tallahassee, FL",30.4380832,-84.2809332
"52","san diego state aztecs","ohio state buckeyes",183000,183000,1,"Mountain West","San Diego, CA",32.7174202,-117.1627728,"Big Ten","Columbus, OH",39.9622601,-83.0007065
"53","texas tech red raiders","houston cougars",180000,180000,1,"Big 12","Lubbock, TX",33.5855677,-101.8470215,"Big 12","Houston, TX",29.7589382,-95.3676974
"54","virginia cavaliers","florida state seminoles",179000,179000,1,"ACC","Charlottesville, VA",38.029306,-78.4766781,"ACC","Tallahassee, FL",30.4380832,-84.2809332
"55","oregon ducks","tennessee volunteers",175000,175000,1,"Pac-12[n 19]","Eugene, OR",44.0505054,-123.0950506,"SEC","Knoxville, TN",35.9603948,-83.9210261
"56","north texas mean green","auburn tigers",171000,85500,2,"American","Denton, TX",33.1838787,-97.1413417,"SEC","Auburn, AL",32.6405377,-85.4626848
"57","florida gators","arkansas razorbacks",168000,168000,1,"SEC","Gainesville, FL",29.6519684,-82.3249846,"SEC","Fayetteville, AR",36.0625843,-94.1574328
"58","georgia bulldogs","alabama crimson tide",163000,163000,1,"SEC","Athens, GA",33.9597677,-83.376398,"SEC","Tuscaloosa, AL",33.2095614,-87.5675258
"59","wyoming cowboys","usc trojans",161000,161000,1,"Mountain West","Laramie, WY",41.311367,-105.591101,"Pac-12[n 19]","Los Angeles, CA",34.0536909,-118.242766
"60","michigan wolverines","northwestern wildcats",160000,160000,1,"Big Ten","Ann Arbor, MI",42.2813722,-83.7484616,"Big Ten","Evanston, IL",42.0470043,-87.6846053
"61","lsu tigers","west virginia mountaineers",156000,156000,1,"SEC","Baton Rouge, LA",30.4494155,-91.1869659,"Big 12","Morgantown, WV",39.6296809,-79.9559437
"62","alabama crimson tide","ucf knights",154000,154000,1,"SEC","Tuscaloosa, AL",33.2095614,-87.5675258,"Big 12","Orlando[n 27], FL",28.5421109,-81.3790304
"63","utah state aggies","cincinnati bearcats",154000,154000,1,"Mountain West","Logan, UT",41.7313063,-111.834914,"Big 12","Cincinnati, OH",39.1014537,-84.5124602
"64","florida state seminoles","kansas state wildcats",152000,152000,1,"ACC","Tallahassee, FL",30.4380832,-84.2809332,"Big 12","Manhattan, KS",39.1836082,-96.5716694
"65","baylor bears","florida gators",143000,143000,1,"Big 12","Waco, TX",31.5491899,-97.1474628,"SEC","Gainesville, FL",29.6519684,-82.3249846
"66","kent state golden flashes","ucf knights",142000,142000,1,"MAC","Kent, OH",41.1513108,-81.3578047,"Big 12","Orlando[n 27], FL",28.5421109,-81.3790304
"67","nebraska cornhuskers","florida atlantic owls",141000,141000,1,"Big Ten","Lincoln, NE",40.8088861,-96.7077751,"American","Boca Raton, FL",26.3586885,-80.0830984
"68","penn state nittany lions","purdue boilermakers",141000,141000,1,"Big Ten","University Park[n 20], PA",34.7406465,-86.6230495,"Big Ten","West Lafayette, IN",40.4258686,-86.9080655
"69","tulsa golden hurricane","georgia southern eagles",141000,141000,1,"American","Tulsa, OK",36.1563122,-95.9927516,"Sun Belt","Statesboro, GA",32.4490141,-81.7832912
"70","indiana hoosiers","michigan wolverines",140000,70000,2,"Big Ten","Bloomington, IN",39.1670396,-86.5342881,"Big Ten","Ann Arbor, MI",42.2813722,-83.7484616
"71","michigan state spartans","auburn tigers",139000,139000,1,"Big Ten","East Lansing, MI",42.7320307,-84.4721678,"SEC","Auburn, AL",32.6405377,-85.4626848
"72","ball state cardinals","ucla bruins",138000,138000,1,"MAC","Muncie, IN",40.1936892,-85.3865271,"Pac-12[n 19]","Los Angeles, CA",34.0536909,-118.242766
"73","georgia tech yellow jackets","nebraska cornhuskers",135000,135000,1,"ACC","Atlanta, GA",33.7489924,-84.3902644,"Big Ten","Lincoln, NE",40.8088861,-96.7077751
"74","minnesota golden gophers","kansas jayhawks",135000,135000,1,"Big Ten","Minneapolis, MN",44.9772995,-93.2654692,"Big 12","Lawrence, KS",38.9719384,-95.2359496
"75","troy trojans","oregon ducks",134000,134000,1,"Sun Belt","Troy, AL",31.8087678,-85.969951,"Pac-12[n 19]","Eugene, OR",44.0505054,-123.0950506
"76","lsu tigers","memphis tigers",132000,132000,1,"SEC","Baton Rouge, LA",30.4494155,-91.1869659,"American","Memphis, TN",35.1460249,-90.0517638
"77","lsu tigers","tulane green wave",132000,132000,1,"SEC","Baton Rouge, LA",30.4494155,-91.1869659,"American","New Orleans, LA",29.9759983,-90.0782127
"78","texas longhorns","tennessee volunteers",131000,131000,1,"Big 12[n 17]","Austin, TX",30.2711286,-97.7436995,"SEC","Knoxville, TN",35.9603948,-83.9210261
"79","georgia tech yellow jackets","north carolina tar heels",130000,130000,1,"ACC","Atlanta, GA",33.7489924,-84.3902644,"ACC","Chapel Hill, NC",35.9131542,-79.05578
"80","byu cougars","utah utes",129000,129000,1,"Big 12","Provo, UT",40.2337289,-111.6587085,"Pac-12[n 3]","Salt Lake City, UT",40.7596198,-111.886797
"81","florida state seminoles","utah utes",127000,127000,1,"ACC","Tallahassee, FL",30.4380832,-84.2809332,"Pac-12[n 3]","Salt Lake City, UT",40.7596198,-111.886797
"82","ohio state buckeyes","florida gators",126000,126000,1,"Big Ten","Columbus, OH",39.9622601,-83.0007065,"SEC","Gainesville, FL",29.6519684,-82.3249846
"83","mississippi state bulldogs","washington huskies",123000,123000,1,"SEC","Mississippi State[n 14], MS",30.3818646,-89.0439248,"Pac-12[n 19]","Seattle, WA",47.6038321,-122.330062
"84","western michigan broncos","indiana hoosiers",123000,123000,1,"MAC","Kalamazoo, MI",42.291707,-85.5872286,"Big Ten","Bloomington, IN",39.1670396,-86.5342881
"85","texas longhorns","arizona state sun devils",122000,122000,1,"Big 12[n 17]","Austin, TX",30.2711286,-97.7436995,"Pac-12[n 3]","Tempe, AZ",33.4255117,-111.9400164
"86","california golden bears","ucla bruins",121000,60500,2,"Pac-12[n 6]","Berkeley, CA",37.8708393,-122.272863,"Pac-12[n 19]","Los Angeles, CA",34.0536909,-118.242766
"87","northern illinois huskies","kentucky wildcats",121000,121000,1,"MAC","DeKalb, IL",41.8903447,-88.7713953,"SEC","Lexington, KY",38.0464066,-84.4970393
"88","indiana hoosiers","oklahoma sooners",118000,118000,1,"Big Ten","Bloomington, IN",39.1670396,-86.5342881,"Big 12[n 17]","Norman, OK",35.2225717,-97.4394816
"89","oklahoma state cowboys","ole miss rebels",114000,114000,1,"Big 12","Stillwater, OK",36.1156306,-97.0585717,"SEC","University[n 18], MS",43.7978613,-79.3919089889469
"90","oklahoma state cowboys","usc trojans",114000,114000,1,"Big 12","Stillwater, OK",36.1156306,-97.0585717,"Pac-12[n 19]","Los Angeles, CA",34.0536909,-118.242766
"91","arizona state sun devils","cincinnati bearcats",111000,55500,2,"Pac-12[n 3]","Tempe, AZ",33.4255117,-111.9400164,"Big 12","Cincinnati, OH",39.1014537,-84.5124602
"92","auburn tigers","florida state seminoles",109000,109000,1,"SEC","Auburn, AL",32.6405377,-85.4626848,"ACC","Tallahassee, FL",30.4380832,-84.2809332
"93","marshall thundering herd","tulane green wave",109000,109000,1,"Sun Belt","Huntington, WV",38.4192496,-82.445154,"American","New Orleans, LA",29.9759983,-90.0782127
"94","syracuse orange","ohio state buckeyes",109000,109000,1,"ACC","Syracuse, NY",43.0481221,-76.1474244,"Big Ten","Columbus, OH",39.9622601,-83.0007065
"95","michigan wolverines","charlotte 49ers",108000,108000,1,"Big Ten","Ann Arbor, MI",42.2813722,-83.7484616,"American","Charlotte, NC",35.2272086,-80.8430827
"96","texas longhorns","oklahoma sooners",108000,108000,1,"Big 12[n 17]","Austin, TX",30.2711286,-97.7436995,"Big 12[n 17]","Norman, OK",35.2225717,-97.4394816
"97","georgia bulldogs","nebraska cornhuskers",106000,35333.33,3,"SEC","Athens, GA",33.9597677,-83.376398,"Big Ten","Lincoln, NE",40.8088861,-96.7077751
"98","maryland terrapins","alabama crimson tide",106000,106000,1,"Big Ten","College Park, MD",38.980666,-76.9369189,"SEC","Tuscaloosa, AL",33.2095614,-87.5675258
"99","tennessee volunteers","uab blazers",105000,105000,1,"SEC","Knoxville, TN",35.9603948,-83.9210261,"American","Birmingham, AL",33.5206824,-86.8024326
"100","north texas mean green","ole miss rebels",103000,103000,1,"American","Denton, TX",33.1838787,-97.1413417,"SEC","University[n 18], MS",43.7978613,-79.3919089889469
"101","ole miss rebels","auburn tigers",103000,103000,1,"SEC","University[n 18], MS",43.7978613,-79.3919089889469,"SEC","Auburn, AL",32.6405377,-85.4626848
"102","colorado buffaloes","florida state seminoles",102000,102000,1,"Pac-12[n 3]","Boulder, CO",40.0149856,-105.270545,"ACC","Tallahassee, FL",30.4380832,-84.2809332
"103","virginia cavaliers","nebraska cornhuskers",101000,101000,1,"ACC","Charlottesville, VA",38.029306,-78.4766781,"Big Ten","Lincoln, NE",40.8088861,-96.7077751
"104","vanderbilt commodores","auburn tigers",100000,100000,1,"SEC","Nashville, TN",36.1622767,-86.7742984,"SEC","Auburn, AL",32.6405377,-85.4626848
"105","appalachian state mountaineers","auburn tigers",99000,99000,1,"Sun Belt","Boone, NC",36.2165362,-81.6746158,"SEC","Auburn, AL",32.6405377,-85.4626848
"106","utep miners","florida state seminoles",99000,99000,1,"C-USA","El Paso, TX",31.7550511,-106.488234,"ACC","Tallahassee, FL",30.4380832,-84.2809332
"107","florida gators","cincinnati bearcats",98000,98000,1,"SEC","Gainesville, FL",29.6519684,-82.3249846,"Big 12","Cincinnati, OH",39.1014537,-84.5124602
"108","mississippi state bulldogs","georgia bulldogs",98000,98000,1,"SEC","Mississippi State[n 14], MS",30.3818646,-89.0439248,"SEC","Athens, GA",33.9597677,-83.376398
"109","wake forest demon deacons","liberty flames",98000,98000,1,"ACC","Winston-Salem, NC",36.0998131,-80.2440518,"C-USA","Lynchburg, VA",37.4137536,-79.1422464
"110","florida gators","usc trojans",95000,95000,1,"SEC","Gainesville, FL",29.6519684,-82.3249846,"Pac-12[n 19]","Los Angeles, CA",34.0536909,-118.242766
"111","alabama crimson tide","florida gators",94000,94000,1,"SEC","Tuscaloosa, AL",33.2095614,-87.5675258,"SEC","Gainesville, FL",29.6519684,-82.3249846
"112","missouri tigers","georgia bulldogs",94000,94000,1,"SEC","Columbia, MO",38.951883,-92.3337366,"SEC","Athens, GA",33.9597677,-83.376398
"113","purdue boilermakers","usc trojans",94000,94000,1,"Big Ten","West Lafayette, IN",40.4258686,-86.9080655,"Pac-12[n 19]","Los Angeles, CA",34.0536909,-118.242766
"114","kentucky wildcats","auburn tigers",93000,93000,1,"SEC","Lexington, KY",38.0464066,-84.4970393,"SEC","Auburn, AL",32.6405377,-85.4626848
"115","louisville cardinals","florida gators",93000,93000,1,"ACC","Louisville, KY",38.2542376,-85.759407,"SEC","Gainesville, FL",29.6519684,-82.3249846
"116","unlv rebels","louisville cardinals",93000,93000,1,"Mountain West","Las Vegas[n 29], NV",36.1672559,-115.148516,"ACC","Louisville, KY",38.2542376,-85.759407
"117","kent state golden flashes","penn state nittany lions",92000,92000,1,"MAC","Kent, OH",41.1513108,-81.3578047,"Big Ten","University Park[n 20], PA",34.7406465,-86.6230495
"118","alabama crimson tide","lsu tigers",91000,91000,1,"SEC","Tuscaloosa, AL",33.2095614,-87.5675258,"SEC","Baton Rouge, LA",30.4494155,-91.1869659
"119","oregon ducks","lsu tigers",91000,91000,1,"Pac-12[n 19]","Eugene, OR",44.0505054,-123.0950506,"SEC","Baton Rouge, LA",30.4494155,-91.1869659
"120","east carolina pirates","auburn tigers",90000,90000,1,"American","Greenville, NC",35.613224,-77.3724593,"SEC","Auburn, AL",32.6405377,-85.4626848
"121","arizona state sun devils","nebraska cornhuskers",89000,89000,1,"Pac-12[n 3]","Tempe, AZ",33.4255117,-111.9400164,"Big Ten","Lincoln, NE",40.8088861,-96.7077751
"122","bucknell bison","georgia state panthers",89000,89000,1,"Patriot","Lewisburg, Pennsylvania",40.9645337,-76.8847639,"Sun Belt","Atlanta, GA",33.7489924,-84.3902644
"123","kansas jayhawks","hawaii rainbow warriors",88000,88000,1,"Big 12","Lawrence, KS",38.9719384,-95.2359496,"Mountain West[n 9]","Honolulu, HI",21.304547,-157.855676
"124","louisville cardinals","ole miss rebels",88000,88000,1,"ACC","Louisville, KY",38.2542376,-85.759407,"SEC","University[n 18], MS",43.7978613,-79.3919089889469
"125","maryland terrapins","auburn tigers",88000,88000,1,"Big Ten","College Park, MD",38.980666,-76.9369189,"SEC","Auburn, AL",32.6405377,-85.4626848
"126","syracuse orange","lsu tigers",87000,87000,1,"ACC","Syracuse, NY",43.0481221,-76.1474244,"SEC","Baton Rouge, LA",30.4494155,-91.1869659
"127","baylor bears","nebraska cornhuskers",86000,86000,1,"Big 12","Waco, TX",31.5491899,-97.1474628,"Big Ten","Lincoln, NE",40.8088861,-96.7077751
"128","north texas mean green","oklahoma state cowboys",86000,86000,1,"American","Denton, TX",33.1838787,-97.1413417,"Big 12","Stillwater, OK",36.1156306,-97.0585717
"129","lamar cardinals","colorado state rams",85000,85000,1,"Southland","Beaumont, Texas",30.0860459,-94.1018461,"Mountain West","Fort Collins, CO",40.5871782,-105.0770113
"130","south carolina gamecocks","oklahoma sooners",85000,85000,1,"SEC","Columbia, SC",34.0003117,-81.0331309,"Big 12[n 17]","Norman, OK",35.2225717,-97.4394816
"131","lsu tigers","ole miss rebels",83000,83000,1,"SEC","Baton Rouge, LA",30.4494155,-91.1869659,"SEC","University[n 18], MS",43.7978613,-79.3919089889469
"132","ole miss rebels","purdue boilermakers",83000,83000,1,"SEC","University[n 18], MS",43.7978613,-79.3919089889469,"Big Ten","West Lafayette, IN",40.4258686,-86.9080655
"133","utsa roadrunners","ole miss rebels",83000,83000,1,"American","San Antonio, TX",29.4246002,-98.4951405,"SEC","University[n 18], MS",43.7978613,-79.3919089889469
"134","north carolina tar heels","arkansas razorbacks",82000,82000,1,"ACC","Chapel Hill, NC",35.9131542,-79.05578,"SEC","Fayetteville, AR",36.0625843,-94.1574328
"135","oklahoma sooners","ucf knights",82000,82000,1,"Big 12[n 17]","Norman, OK",35.2225717,-97.4394816,"Big 12","Orlando[n 27], FL",28.5421109,-81.3790304
"136","texas longhorns","lsu tigers",82000,82000,1,"Big 12[n 17]","Austin, TX",30.2711286,-97.7436995,"SEC","Baton Rouge, LA",30.4494155,-91.1869659
"137","arizona state sun devils","clemson tigers",81000,81000,1,"Pac-12[n 3]","Tempe, AZ",33.4255117,-111.9400164,"ACC","Clemson, SC",34.6850749,-82.8364111
"138","central michigan chippewas","marshall thundering herd",81000,81000,1,"MAC","Mount Pleasant, MI",33.1570582,-94.9694007,"Sun Belt","Huntington, WV",38.4192496,-82.445154
"139","jackson state tigers","louisville cardinals",81000,81000,1,"SWAC","Jackson, Mississippi",32.2998686,-90.1830408,"ACC","Louisville, KY",38.2542376,-85.759407
"140","oklahoma sooners","wisconsin badgers",81000,81000,1,"Big 12[n 17]","Norman, OK",35.2225717,-97.4394816,"Big Ten","Madison, WI",43.074761,-89.3837613
"141","oregon state beavers","lsu tigers",81000,81000,1,"Pac-12","Corvallis, OR",44.5645659,-123.2620435,"SEC","Baton Rouge, LA",30.4494155,-91.1869659
"142","florida gators","pittsburgh panthers",80000,80000,1,"SEC","Gainesville, FL",29.6519684,-82.3249846,"ACC","Pittsburgh[n 21], PA",40.4416941,-79.9900861
"143","tennessee volunteers","indiana hoosiers",80000,80000,1,"SEC","Knoxville, TN",35.9603948,-83.9210261,"Big Ten","Bloomington, IN",39.1670396,-86.5342881
"144","nc state wolfpack","ole miss rebels",78000,78000,1,"ACC","Raleigh, NC",35.7803977,-78.6390989,"SEC","University[n 18], MS",43.7978613,-79.3919089889469
"145","washington huskies","oklahoma sooners",77000,77000,1,"Pac-12[n 19]","Seattle, WA",47.6038321,-122.330062,"Big 12[n 17]","Norman, OK",35.2225717,-97.4394816
"146","washington huskies","ole miss rebels",77000,77000,1,"Pac-12[n 19]","Seattle, WA",47.6038321,-122.330062,"SEC","University[n 18], MS",43.7978613,-79.3919089889469
"147","ucf knights","ole miss rebels",76000,76000,1,"Big 12","Orlando[n 27], FL",28.5421109,-81.3790304,"SEC","University[n 18], MS",43.7978613,-79.3919089889469
"148","florida gators","lsu tigers",75000,75000,1,"SEC","Gainesville, FL",29.6519684,-82.3249846,"SEC","Baton Rouge, LA",30.4494155,-91.1869659
"149","memphis tigers","ole miss rebels",75000,75000,1,"American","Memphis, TN",35.1460249,-90.0517638,"SEC","University[n 18], MS",43.7978613,-79.3919089889469
"150","alabama crimson tide","tcu horned frogs",74000,24666.67,3,"SEC","Tuscaloosa, AL",33.2095614,-87.5675258,"Big 12","Fort Worth, TX",32.753177,-97.3327459
"151","oklahoma sooners","missouri tigers",73000,73000,1,"Big 12[n 17]","Norman, OK",35.2225717,-97.4394816,"SEC","Columbia, MO",38.951883,-92.3337366
"152","oklahoma state cowboys","oklahoma sooners",73000,73000,1,"Big 12","Stillwater, OK",36.1156306,-97.0585717,"Big 12[n 17]","Norman, OK",35.2225717,-97.4394816
"153","arizona wildcats","lsu tigers",72000,72000,1,"Pac-12[n 3]","Tucson, AZ",32.2228765,-110.974847,"SEC","Baton Rouge, LA",30.4494155,-91.1869659
"154","west virginia mountaineers","lsu tigers",72000,72000,1,"Big 12","Morgantown, WV",39.6296809,-79.9559437,"SEC","Baton Rouge, LA",30.4494155,-91.1869659
"155","minnesota golden gophers","rutgers scarlet knights",70000,70000,1,"Big Ten","Minneapolis, MN",44.9772995,-93.2654692,"Big Ten","Piscataway[n 22], NJ",40.5462553,-74.4660408
"156","south carolina gamecocks","oregon ducks",70000,70000,1,"SEC","Columbia, SC",34.0003117,-81.0331309,"Pac-12[n 19]","Eugene, OR",44.0505054,-123.0950506
"157","ohio state buckeyes","notre dame fighting irish",69000,69000,1,"Big Ten","Columbus, OH",39.9622601,-83.0007065,"Independent","South Bend, IN",41.6833813,-86.2500066
"158","texas tech red raiders","oklahoma sooners",69000,69000,1,"Big 12","Lubbock, TX",33.5855677,-101.8470215,"Big 12[n 17]","Norman, OK",35.2225717,-97.4394816
"159","kentucky wildcats","colorado buffaloes",68000,68000,1,"SEC","Lexington, KY",38.0464066,-84.4970393,"Pac-12[n 3]","Boulder, CO",40.0149856,-105.270545
"160","ole miss rebels","oregon ducks",68000,34000,2,"SEC","University[n 18], MS",43.7978613,-79.3919089889469,"Pac-12[n 19]","Eugene, OR",44.0505054,-123.0950506
"161","southeastern louisiana lions","lsu tigers",68000,68000,1,"Southland","Hammond, Louisiana",30.5043583,-90.4611995,"SEC","Baton Rouge, LA",30.4494155,-91.1869659
"162","wake forest demon deacons","oklahoma sooners",68000,68000,1,"ACC","Winston-Salem, NC",36.0998131,-80.2440518,"Big 12[n 17]","Norman, OK",35.2225717,-97.4394816
"163","notre dame fighting irish","alabama crimson tide",67000,67000,1,"Independent","South Bend, IN",41.6833813,-86.2500066,"SEC","Tuscaloosa, AL",33.2095614,-87.5675258
"164","usc trojans","oregon ducks",67000,67000,1,"Pac-12[n 19]","Los Angeles, CA",34.0536909,-118.242766,"Pac-12[n 19]","Eugene, OR",44.0505054,-123.0950506
"165","georgia bulldogs","arkansas razorbacks",66000,66000,1,"SEC","Athens, GA",33.9597677,-83.376398,"SEC","Fayetteville, AR",36.0625843,-94.1574328
"166","oklahoma sooners","new mexico state aggies",66000,66000,1,"Big 12[n 17]","Norman, OK",35.2225717,-97.4394816,"C-USA","Las Cruces, NM",32.3140354,-106.779807
"167","bowling green falcons","arkansas razorbacks",65000,65000,1,"MAC","Bowling Green, OH",41.3747744,-83.6513229,"SEC","Fayetteville, AR",36.0625843,-94.1574328
"168","nebraska cornhuskers","michigan wolverines",65000,65000,1,"Big Ten","Lincoln, NE",40.8088861,-96.7077751,"Big Ten","Ann Arbor, MI",42.2813722,-83.7484616
"169","usc trojans","wisconsin badgers",65000,65000,1,"Pac-12[n 19]","Los Angeles, CA",34.0536909,-118.242766,"Big Ten","Madison, WI",43.074761,-89.3837613
"170","arkansas razorbacks","colorado buffaloes",64000,32000,2,"SEC","Fayetteville, AR",36.0625843,-94.1574328,"Pac-12[n 3]","Boulder, CO",40.0149856,-105.270545
"171","clemson tigers","colorado buffaloes",64000,64000,1,"ACC","Clemson, SC",34.6850749,-82.8364111,"Pac-12[n 3]","Boulder, CO",40.0149856,-105.270545
"172","mississippi state bulldogs","baylor bears",63000,63000,1,"SEC","Mississippi State[n 14], MS",30.3818646,-89.0439248,"Big 12","Waco, TX",31.5491899,-97.1474628
"173","tcu horned frogs","arkansas razorbacks",63000,63000,1,"Big 12","Fort Worth, TX",32.753177,-97.3327459,"SEC","Fayetteville, AR",36.0625843,-94.1574328
"174","tennessee volunteers","california golden bears",62000,62000,1,"SEC","Knoxville, TN",35.9603948,-83.9210261,"Pac-12[n 6]","Berkeley, CA",37.8708393,-122.272863
"175","notre dame fighting irish","oklahoma sooners",61000,61000,1,"Independent","South Bend, IN",41.6833813,-86.2500066,"Big 12[n 17]","Norman, OK",35.2225717,-97.4394816
"176","florida gators","south carolina gamecocks",60000,60000,1,"SEC","Gainesville, FL",29.6519684,-82.3249846,"SEC","Columbia, SC",34.0003117,-81.0331309
"177","alabama crimson tide","colorado buffaloes",0,0,1,"SEC","Tuscaloosa, AL",33.2095614,-87.5675258,"Pac-12[n 3]","Boulder, CO",40.0149856,-105.270545
"178","alabama crimson tide","florida atlantic owls",0,0,1,"SEC","Tuscaloosa, AL",33.2095614,-87.5675258,"American","Boca Raton, FL",26.3586885,-80.0830984
"179","alabama crimson tide","georgia tech yellow jackets",0,0,1,"SEC","Tuscaloosa, AL",33.2095614,-87.5675258,"ACC","Atlanta, GA",33.7489924,-84.3902644
"180","alabama crimson tide","houston cougars",0,0,1,"SEC","Tuscaloosa, AL",33.2095614,-87.5675258,"Big 12","Houston, TX",29.7589382,-95.3676974
"181","alabama crimson tide","syracuse orange",0,0,1,"SEC","Tuscaloosa, AL",33.2095614,-87.5675258,"ACC","Syracuse, NY",43.0481221,-76.1474244
"182","alabama crimson tide","usc trojans",0,0,1,"SEC","Tuscaloosa, AL",33.2095614,-87.5675258,"Pac-12[n 19]","Los Angeles, CA",34.0536909,-118.242766
"183","appalachian state mountaineers","marshall thundering herd",0,0,1,"Sun Belt","Boone, NC",36.2165362,-81.6746158,"Sun Belt","Huntington, WV",38.4192496,-82.445154
"184","appalachian state mountaineers","oklahoma sooners",0,0,1,"Sun Belt","Boone, NC",36.2165362,-81.6746158,"Big 12[n 17]","Norman, OK",35.2225717,-97.4394816
"185","arizona state sun devils","colorado buffaloes",0,0,1,"Pac-12[n 3]","Tempe, AZ",33.4255117,-111.9400164,"Pac-12[n 3]","Boulder, CO",40.0149856,-105.270545
"186","arizona state sun devils","michigan wolverines",0,0,1,"Pac-12[n 3]","Tempe, AZ",33.4255117,-111.9400164,"Big Ten","Ann Arbor, MI",42.2813722,-83.7484616
"187","arizona state sun devils","ohio state buckeyes",0,0,1,"Pac-12[n 3]","Tempe, AZ",33.4255117,-111.9400164,"Big Ten","Columbus, OH",39.9622601,-83.0007065
"188","arizona state sun devils","tennessee volunteers",0,0,1,"Pac-12[n 3]","Tempe, AZ",33.4255117,-111.9400164,"SEC","Knoxville, TN",35.9603948,-83.9210261
"189","arizona state sun devils","ucf knights",0,0,1,"Pac-12[n 3]","Tempe, AZ",33.4255117,-111.9400164,"Big 12","Orlando[n 27], FL",28.5421109,-81.3790304
"190","arizona state sun devils","usc trojans",0,0,1,"Pac-12[n 3]","Tempe, AZ",33.4255117,-111.9400164,"Pac-12[n 19]","Los Angeles, CA",34.0536909,-118.242766
"191","arizona state sun devils","washington huskies",0,0,1,"Pac-12[n 3]","Tempe, AZ",33.4255117,-111.9400164,"Pac-12[n 19]","Seattle, WA",47.6038321,-122.330062
"192","arizona wildcats","unlv rebels",0,0,1,"Pac-12[n 3]","Tucson, AZ",32.2228765,-110.974847,"Mountain West","Las Vegas[n 29], NV",36.1672559,-115.148516
"193","arkansas razorbacks","memphis tigers",0,0,1,"SEC","Fayetteville, AR",36.0625843,-94.1574328,"American","Memphis, TN",35.1460249,-90.0517638
"194","arkansas razorbacks","purdue boilermakers",0,0,1,"SEC","Fayetteville, AR",36.0625843,-94.1574328,"Big Ten","West Lafayette, IN",40.4258686,-86.9080655
"195","arkansas razorbacks","uab blazers",0,0,1,"SEC","Fayetteville, AR",36.0625843,-94.1574328,"American","Birmingham, AL",33.5206824,-86.8024326
"196","arkansas state red wolves","central michigan chippewas",0,0,1,"Sun Belt","Jonesboro, AR",35.8272257,-90.6949871,"MAC","Mount Pleasant, MI",33.1570582,-94.9694007
"197","arkansas state red wolves","colorado buffaloes",0,0,1,"Sun Belt","Jonesboro, AR",35.8272257,-90.6949871,"Pac-12[n 3]","Boulder, CO",40.0149856,-105.270545
"198","arkansas state red wolves","james madison dukes",0,0,1,"Sun Belt","Jonesboro, AR",35.8272257,-90.6949871,"Sun Belt","Harrisonburg, VA",38.4493315,-78.8688833
"199","army black knights","ucla bruins",0,0,1,"Independent[n 4]","West Point, NY",40.8512481,-72.5359869,"Pac-12[n 19]","Los Angeles, CA",34.0536909,-118.242766
"200","auburn tigers","kansas jayhawks",0,0,1,"SEC","Auburn, AL",32.6405377,-85.4626848,"Big 12","Lawrence, KS",38.9719384,-95.2359496
"201","auburn tigers","purdue boilermakers",0,0,1,"SEC","Auburn, AL",32.6405377,-85.4626848,"Big Ten","West Lafayette, IN",40.4258686,-86.9080655
"202","auburn tigers","utah utes",0,0,1,"SEC","Auburn, AL",32.6405377,-85.4626848,"Pac-12[n 3]","Salt Lake City, UT",40.7596198,-111.886797
"203","austin peay governors","arizona state sun devils",0,0,1,"UAC","Clarksville, Tennessee",36.5277607,-87.3588703,"Pac-12[n 3]","Tempe, AZ",33.4255117,-111.9400164
"204","austin peay governors","indiana hoosiers",0,0,1,"UAC","Clarksville, Tennessee",36.5277607,-87.3588703,"Big Ten","Bloomington, IN",39.1670396,-86.5342881
"205","austin peay governors","texas tech red raiders",0,0,1,"UAC","Clarksville, Tennessee",36.5277607,-87.3588703,"Big 12","Lubbock, TX",33.5855677,-101.8470215
"206","baylor bears","arkansas razorbacks",0,0,2,"Big 12","Waco, TX",31.5491899,-97.1474628,"SEC","Fayetteville, AR",36.0625843,-94.1574328
"207","baylor bears","louisville cardinals",0,0,1,"Big 12","Waco, TX",31.5491899,-97.1474628,"ACC","Louisville, KY",38.2542376,-85.759407
"208","baylor bears","north texas mean green",0,0,1,"Big 12","Waco, TX",31.5491899,-97.1474628,"American","Denton, TX",33.1838787,-97.1413417
"209","boise state broncos","byu cougars",0,0,1,"Mountain West","Boise, ID",43.6166163,-116.200886,"Big 12","Provo, UT",40.2337289,-111.6587085
"210","boise state broncos","louisiana tech bulldogs",0,0,1,"Mountain West","Boise, ID",43.6166163,-116.200886,"C-USA","Ruston, LA",32.5232053,-92.637927
"211","boise state broncos","michigan state spartans",0,0,1,"Mountain West","Boise, ID",43.6166163,-116.200886,"Big Ten","East Lansing, MI",42.7320307,-84.4721678
"212","boston college eagles","pittsburgh panthers",0,0,1,"ACC","Chestnut Hill, MA",42.3306529,-71.1661647,"ACC","Pittsburgh[n 21], PA",40.4416941,-79.9900861
"213","bowling green falcons","kansas jayhawks",0,0,1,"MAC","Bowling Green, OH",41.3747744,-83.6513229,"Big 12","Lawrence, KS",38.9719384,-95.2359496
"214","bowling green falcons","purdue boilermakers",0,0,1,"MAC","Bowling Green, OH",41.3747744,-83.6513229,"Big Ten","West Lafayette, IN",40.4258686,-86.9080655
"215","bowling green falcons","ucla bruins",0,0,1,"MAC","Bowling Green, OH",41.3747744,-83.6513229,"Pac-12[n 19]","Los Angeles, CA",34.0536909,-118.242766
"216","buffalo bulls","unlv rebels",0,0,1,"MAC","Buffalo, NY",42.8867166,-78.8783922,"Mountain West","Las Vegas[n 29], NV",36.1672559,-115.148516
"217","buffalo bulls","western kentucky hilltoppers",0,0,1,"MAC","Buffalo, NY",42.8867166,-78.8783922,"C-USA","Bowling Green, KY",36.9903199,-86.4436018
"218","byu cougars","baylor bears",0,0,2,"Big 12","Provo, UT",40.2337289,-111.6587085,"Big 12","Waco, TX",31.5491899,-97.1474628
"219","byu cougars","colorado state rams",0,0,1,"Big 12","Provo, UT",40.2337289,-111.6587085,"Mountain West","Fort Collins, CO",40.5871782,-105.0770113
"220","byu cougars","tennessee volunteers",0,0,1,"Big 12","Provo, UT",40.2337289,-111.6587085,"SEC","Knoxville, TN",35.9603948,-83.9210261
"221","cal poly mustangs","washington huskies",0,0,1,"Big Sky","San Luis Obispo, California",35.3540209,-120.375716,"Pac-12[n 19]","Seattle, WA",47.6038321,-122.330062
"222","california golden bears","arizona state sun devils",0,0,4,"Pac-12[n 6]","Berkeley, CA",37.8708393,-122.272863,"Pac-12[n 3]","Tempe, AZ",33.4255117,-111.9400164
"223","california golden bears","kansas jayhawks",0,0,1,"Pac-12[n 6]","Berkeley, CA",37.8708393,-122.272863,"Big 12","Lawrence, KS",38.9719384,-95.2359496
"224","california golden bears","nevada wolf pack",0,0,1,"Pac-12[n 6]","Berkeley, CA",37.8708393,-122.272863,"Mountain West","Reno, NV",39.5261206,-119.8126581
"225","california golden bears","oregon state beavers",0,0,1,"Pac-12[n 6]","Berkeley, CA",37.8708393,-122.272863,"Pac-12","Corvallis, OR",44.5645659,-123.2620435
"226","central michigan chippewas","oklahoma sooners",0,0,1,"MAC","Mount Pleasant, MI",33.1570582,-94.9694007,"Big 12[n 17]","Norman, OK",35.2225717,-97.4394816
"227","charlotte 49ers","james madison dukes",0,0,1,"American","Charlotte, NC",35.2272086,-80.8430827,"Sun Belt","Harrisonburg, VA",38.4493315,-78.8688833
"228","charlotte 49ers","minnesota golden gophers",0,0,1,"American","Charlotte, NC",35.2272086,-80.8430827,"Big Ten","Minneapolis, MN",44.9772995,-93.2654692
"229","cincinnati bearcats","arkansas razorbacks",0,0,1,"Big 12","Cincinnati, OH",39.1014537,-84.5124602,"SEC","Fayetteville, AR",36.0625843,-94.1574328
"230","cincinnati bearcats","kentucky wildcats",0,0,1,"Big 12","Cincinnati, OH",39.1014537,-84.5124602,"SEC","Lexington, KY",38.0464066,-84.4970393
"231","cincinnati bearcats","maryland terrapins",0,0,1,"Big 12","Cincinnati, OH",39.1014537,-84.5124602,"Big Ten","College Park, MD",38.980666,-76.9369189
"232","cincinnati bearcats","nc state wolfpack",0,0,1,"Big 12","Cincinnati, OH",39.1014537,-84.5124602,"ACC","Raleigh, NC",35.7803977,-78.6390989
"233","cincinnati bearcats","north carolina tar heels",0,0,1,"Big 12","Cincinnati, OH",39.1014537,-84.5124602,"ACC","Chapel Hill, NC",35.9131542,-79.05578
"234","cincinnati bearcats","northwestern wildcats",0,0,1,"Big 12","Cincinnati, OH",39.1014537,-84.5124602,"Big Ten","Evanston, IL",42.0470043,-87.6846053
"235","cincinnati bearcats","wisconsin badgers",0,0,2,"Big 12","Cincinnati, OH",39.1014537,-84.5124602,"Big Ten","Madison, WI",43.074761,-89.3837613
"236","clemson tigers","ucf knights",0,0,1,"ACC","Clemson, SC",34.6850749,-82.8364111,"Big 12","Orlando[n 27], FL",28.5421109,-81.3790304
"237","clemson tigers","virginia cavaliers",0,0,1,"ACC","Clemson, SC",34.6850749,-82.8364111,"ACC","Charlottesville, VA",38.029306,-78.4766781
"238","coastal carolina chanticleers","michigan wolverines",0,0,1,"Sun Belt","Conway, SC",33.8360035,-79.0478143,"Big Ten","Ann Arbor, MI",42.2813722,-83.7484616
"239","coastal carolina chanticleers","north carolina tar heels",0,0,1,"Sun Belt","Conway, SC",33.8360035,-79.0478143,"ACC","Chapel Hill, NC",35.9131542,-79.05578
"240","colorado buffaloes","hawaii rainbow warriors",0,0,1,"Pac-12[n 3]","Boulder, CO",40.0149856,-105.270545,"Mountain West[n 9]","Honolulu, HI",21.304547,-157.855676
"241","colorado buffaloes","michigan state spartans",0,0,1,"Pac-12[n 3]","Boulder, CO",40.0149856,-105.270545,"Big Ten","East Lansing, MI",42.7320307,-84.4721678
"242","colorado buffaloes","utah utes",0,0,1,"Pac-12[n 3]","Boulder, CO",40.0149856,-105.270545,"Pac-12[n 3]","Salt Lake City, UT",40.7596198,-111.886797
"243","colorado state rams","illinois fighting illini",0,0,1,"Mountain West","Fort Collins, CO",40.5871782,-105.0770113,"Big Ten","Urbana–Champaign[n 11], IL",40.1117174,-88.207301
"244","colorado state rams","kansas jayhawks",0,0,1,"Mountain West","Fort Collins, CO",40.5871782,-105.0770113,"Big 12","Lawrence, KS",38.9719384,-95.2359496
"245","columbia lions","penn state nittany lions",0,0,1,"Ivy","New York, New York",40.7127281,-74.0060152,"Big Ten","University Park[n 20], PA",34.7406465,-86.6230495
"246","dartmouth big green","colorado buffaloes",0,0,1,"Ivy","Hanover, New Hampshire",43.703622,-72.288666,"Pac-12[n 3]","Boulder, CO",40.0149856,-105.270545
"247","east carolina pirates","houston cougars",0,0,1,"American","Greenville, NC",35.613224,-77.3724593,"Big 12","Houston, TX",29.7589382,-95.3676974
"248","east carolina pirates","oregon ducks",0,0,1,"American","Greenville, NC",35.613224,-77.3724593,"Pac-12[n 19]","Eugene, OR",44.0505054,-123.0950506
"249","eastern michigan eagles","missouri tigers",0,0,1,"MAC","Ypsilanti, MI",42.2410562,-83.613055,"SEC","Columbia, MO",38.951883,-92.3337366
"250","elon phoenix","pittsburgh panthers",0,0,1,"CAA","Elon, North Carolina",36.1029132,-79.5066895,"ACC","Pittsburgh[n 21], PA",40.4416941,-79.9900861
"251","florida atlantic owls","ole miss rebels",0,0,1,"American","Boca Raton, FL",26.3586885,-80.0830984,"SEC","University[n 18], MS",43.7978613,-79.3919089889469
"252","florida atlantic owls","penn state nittany lions",0,0,1,"American","Boca Raton, FL",26.3586885,-80.0830984,"Big Ten","University Park[n 20], PA",34.7406465,-86.6230495
"253","florida gators","missouri tigers",0,0,1,"SEC","Gainesville, FL",29.6519684,-82.3249846,"SEC","Columbia, MO",38.951883,-92.3337366
"254","florida gators","tcu horned frogs",0,0,1,"SEC","Gainesville, FL",29.6519684,-82.3249846,"Big 12","Fort Worth, TX",32.753177,-97.3327459
"255","florida state seminoles","colorado buffaloes",0,0,2,"ACC","Tallahassee, FL",30.4380832,-84.2809332,"Pac-12[n 3]","Boulder, CO",40.0149856,-105.270545
"256","florida state seminoles","north carolina tar heels",0,0,1,"ACC","Tallahassee, FL",30.4380832,-84.2809332,"ACC","Chapel Hill, NC",35.9131542,-79.05578
"257","florida state seminoles","toledo rockets",0,0,1,"ACC","Tallahassee, FL",30.4380832,-84.2809332,"MAC","Toledo, OH",41.6529143,-83.5378173
"258","fresno state bulldogs","oregon ducks",0,0,1,"Mountain West","Fresno, CA",36.7295295,-119.708861260756,"Pac-12[n 19]","Eugene, OR",44.0505054,-123.0950506
"259","furman paladins","coastal carolina chanticleers",0,0,1,"Southern","Greenville, South Carolina",34.851354,-82.3984882,"Sun Belt","Conway, SC",33.8360035,-79.0478143
"260","georgia bulldogs","georgia tech yellow jackets",0,0,1,"SEC","Athens, GA",33.9597677,-83.376398,"ACC","Atlanta, GA",33.7489924,-84.3902644
"261","georgia bulldogs","louisville cardinals",0,0,1,"SEC","Athens, GA",33.9597677,-83.376398,"ACC","Louisville, KY",38.2542376,-85.759407
"262","georgia bulldogs","mississippi state bulldogs",0,0,1,"SEC","Athens, GA",33.9597677,-83.376398,"SEC","Mississippi State[n 14], MS",30.3818646,-89.0439248
"263","georgia southern eagles","kentucky wildcats",0,0,1,"Sun Belt","Statesboro, GA",32.4490141,-81.7832912,"SEC","Lexington, KY",38.0464066,-84.4970393
"264","georgia southern eagles","virginia tech hokies",0,0,1,"Sun Belt","Statesboro, GA",32.4490141,-81.7832912,"ACC","Blacksburg, VA",37.2296566,-80.4136767
"265","georgia southern eagles","west virginia mountaineers",0,0,1,"Sun Belt","Statesboro, GA",32.4490141,-81.7832912,"Big 12","Morgantown, WV",39.6296809,-79.9559437
"266","georgia state panthers","north carolina tar heels",0,0,1,"Sun Belt","Atlanta, GA",33.7489924,-84.3902644,"ACC","Chapel Hill, NC",35.9131542,-79.05578
"267","georgia state panthers","west virginia mountaineers",0,0,1,"Sun Belt","Atlanta, GA",33.7489924,-84.3902644,"Big 12","Morgantown, WV",39.6296809,-79.9559437
"268","hawaii rainbow warriors","san jose state spartans",0,0,1,"Mountain West[n 9]","Honolulu, HI",21.304547,-157.855676,"Mountain West","San Jose, CA",37.3361663,-121.890591
"269","houston cougars","colorado buffaloes",0,0,1,"Big 12","Houston, TX",29.7589382,-95.3676974,"Pac-12[n 3]","Boulder, CO",40.0149856,-105.270545
"270","houston cougars","florida gators",0,0,1,"Big 12","Houston, TX",29.7589382,-95.3676974,"SEC","Gainesville, FL",29.6519684,-82.3249846
"271","houston cougars","louisville cardinals",0,0,1,"Big 12","Houston, TX",29.7589382,-95.3676974,"ACC","Louisville, KY",38.2542376,-85.759407
"272","houston cougars","missouri tigers",0,0,1,"Big 12","Houston, TX",29.7589382,-95.3676974,"SEC","Columbia, MO",38.951883,-92.3337366
"273","illinois fighting illini","smu mustangs",0,0,1,"Big Ten","Urbana–Champaign[n 11], IL",40.1117174,-88.207301,"American","Dallas[n 23], TX",32.7762719,-96.7968559
"274","incarnate word cardinals","texas state bobcats",0,0,2,"Southland","San Antonio, Texas",29.4246002,-98.4951405,"Sun Belt","San Marcos, TX",29.8826436,-97.9405828
"275","indiana hoosiers","tennessee volunteers",0,0,1,"Big Ten","Bloomington, IN",39.1670396,-86.5342881,"SEC","Knoxville, TN",35.9603948,-83.9210261
"276","iowa hawkeyes","oregon ducks",0,0,1,"Big Ten","Iowa City, IA",41.6612561,-91.5299106,"Pac-12[n 19]","Eugene, OR",44.0505054,-123.0950506
"277","iowa hawkeyes","wyoming cowboys",0,0,1,"Big Ten","Iowa City, IA",41.6612561,-91.5299106,"Mountain West","Laramie, WY",41.311367,-105.591101
"278","iowa state cyclones","bowling green falcons",0,0,1,"Big 12","Ames, IA",42.0267567,-93.6170448,"MAC","Bowling Green, OH",41.3747744,-83.6513229
"279","jackson state tigers","missouri tigers",0,0,1,"SWAC","Jackson, Mississippi",32.2998686,-90.1830408,"SEC","Columbia, MO",38.951883,-92.3337366
"280","jackson state tigers","new mexico state aggies",0,0,1,"SWAC","Jackson, Mississippi",32.2998686,-90.1830408,"C-USA","Las Cruces, NM",32.3140354,-106.779807
"281","james madison dukes","ole miss rebels",0,0,1,"Sun Belt","Harrisonburg, VA",38.4493315,-78.8688833,"SEC","University[n 18], MS",43.7978613,-79.3919089889469
"282","kansas jayhawks","vanderbilt commodores",0,0,1,"Big 12","Lawrence, KS",38.9719384,-95.2359496,"SEC","Nashville, TN",36.1622767,-86.7742984
"283","kent state golden flashes","ball state cardinals",0,0,1,"MAC","Kent, OH",41.1513108,-81.3578047,"MAC","Muncie, IN",40.1936892,-85.3865271
"284","kent state golden flashes","colorado buffaloes",0,0,2,"MAC","Kent, OH",41.1513108,-81.3578047,"Pac-12[n 3]","Boulder, CO",40.0149856,-105.270545
"285","kent state golden flashes","ohio state buckeyes",0,0,1,"MAC","Kent, OH",41.1513108,-81.3578047,"Big Ten","Columbus, OH",39.9622601,-83.0007065
"286","kent state golden flashes","ucla bruins",0,0,1,"MAC","Kent, OH",41.1513108,-81.3578047,"Pac-12[n 19]","Los Angeles, CA",34.0536909,-118.242766
"287","kent state golden flashes","west virginia mountaineers",0,0,1,"MAC","Kent, OH",41.1513108,-81.3578047,"Big 12","Morgantown, WV",39.6296809,-79.9559437
"288","kentucky wildcats","florida gators",0,0,1,"SEC","Lexington, KY",38.0464066,-84.4970393,"SEC","Gainesville, FL",29.6519684,-82.3249846
"289","kentucky wildcats","georgia southern eagles",0,0,1,"SEC","Lexington, KY",38.0464066,-84.4970393,"Sun Belt","Statesboro, GA",32.4490141,-81.7832912
"290","kentucky wildcats","mississippi state bulldogs",0,0,1,"SEC","Lexington, KY",38.0464066,-84.4970393,"SEC","Mississippi State[n 14], MS",30.3818646,-89.0439248
"291","liberty flames","baylor bears",0,0,1,"C-USA","Lynchburg, VA",37.4137536,-79.1422464,"Big 12","Waco, TX",31.5491899,-97.1474628
"292","liberty flames","smu mustangs",0,0,1,"C-USA","Lynchburg, VA",37.4137536,-79.1422464,"American","Dallas[n 23], TX",32.7762719,-96.7968559
"293","louisiana tech bulldogs","arkansas razorbacks",0,0,1,"C-USA","Ruston, LA",32.5232053,-92.637927,"SEC","Fayetteville, AR",36.0625843,-94.1574328
"294","louisiana tech bulldogs","tulane green wave",0,0,1,"C-USA","Ruston, LA",32.5232053,-92.637927,"American","New Orleans, LA",29.9759983,-90.0782127
"295","louisville cardinals","cincinnati bearcats",0,0,1,"ACC","Louisville, KY",38.2542376,-85.759407,"Big 12","Cincinnati, OH",39.1014537,-84.5124602
"296","louisville cardinals","colorado buffaloes",0,0,1,"ACC","Louisville, KY",38.2542376,-85.759407,"Pac-12[n 3]","Boulder, CO",40.0149856,-105.270545
"297","louisville cardinals","georgia tech yellow jackets",0,0,1,"ACC","Louisville, KY",38.2542376,-85.759407,"ACC","Atlanta, GA",33.7489924,-84.3902644
"298","louisville cardinals","michigan wolverines",0,0,1,"ACC","Louisville, KY",38.2542376,-85.759407,"Big Ten","Ann Arbor, MI",42.2813722,-83.7484616
"299","lsu tigers","auburn tigers",0,0,1,"SEC","Baton Rouge, LA",30.4494155,-91.1869659,"SEC","Auburn, AL",32.6405377,-85.4626848
"300","lsu tigers","pittsburgh panthers",0,0,1,"SEC","Baton Rouge, LA",30.4494155,-91.1869659,"ACC","Pittsburgh[n 21], PA",40.4416941,-79.9900861
"301","maryland terrapins","arkansas razorbacks",0,0,1,"Big Ten","College Park, MD",38.980666,-76.9369189,"SEC","Fayetteville, AR",36.0625843,-94.1574328
"302","maryland terrapins","lsu tigers",0,0,1,"Big Ten","College Park, MD",38.980666,-76.9369189,"SEC","Baton Rouge, LA",30.4494155,-91.1869659
"303","maryland terrapins","tcu horned frogs",0,0,1,"Big Ten","College Park, MD",38.980666,-76.9369189,"Big 12","Fort Worth, TX",32.753177,-97.3327459
"304","memphis tigers","florida gators",0,0,1,"American","Memphis, TN",35.1460249,-90.0517638,"SEC","Gainesville, FL",29.6519684,-82.3249846
"305","michigan state spartans","arizona state sun devils",0,0,1,"Big Ten","East Lansing, MI",42.7320307,-84.4721678,"Pac-12[n 3]","Tempe, AZ",33.4255117,-111.9400164
"306","michigan state spartans","baylor bears",0,0,1,"Big Ten","East Lansing, MI",42.7320307,-84.4721678,"Big 12","Waco, TX",31.5491899,-97.1474628
"307","michigan state spartans","cincinnati bearcats",0,0,1,"Big Ten","East Lansing, MI",42.7320307,-84.4721678,"Big 12","Cincinnati, OH",39.1014537,-84.5124602
"308","michigan state spartans","eastern michigan eagles",0,0,1,"Big Ten","East Lansing, MI",42.7320307,-84.4721678,"MAC","Ypsilanti, MI",42.2410562,-83.613055
"309","michigan state spartans","oklahoma state cowboys",0,0,1,"Big Ten","East Lansing, MI",42.7320307,-84.4721678,"Big 12","Stillwater, OK",36.1156306,-97.0585717
"310","michigan wolverines","boston college eagles",0,0,1,"Big Ten","Ann Arbor, MI",42.2813722,-83.7484616,"ACC","Chestnut Hill, MA",42.3306529,-71.1661647
"311","michigan wolverines","florida gators",0,0,1,"Big Ten","Ann Arbor, MI",42.2813722,-83.7484616,"SEC","Gainesville, FL",29.6519684,-82.3249846
"312","minnesota golden gophers","texas longhorns",0,0,1,"Big Ten","Minneapolis, MN",44.9772995,-93.2654692,"Big 12[n 17]","Austin, TX",30.2711286,-97.7436995
"313","mississippi state bulldogs","east carolina pirates",0,0,1,"SEC","Mississippi State[n 14], MS",30.3818646,-89.0439248,"American","Greenville, NC",35.613224,-77.3724593
"314","mississippi state bulldogs","michigan wolverines",0,0,1,"SEC","Mississippi State[n 14], MS",30.3818646,-89.0439248,"Big Ten","Ann Arbor, MI",42.2813722,-83.7484616
"315","mississippi state bulldogs","south alabama jaguars",0,0,1,"SEC","Mississippi State[n 14], MS",30.3818646,-89.0439248,"Sun Belt","Mobile, AL",30.6913462,-88.0437509
"316","mississippi state bulldogs","wisconsin badgers",0,0,1,"SEC","Mississippi State[n 14], MS",30.3818646,-89.0439248,"Big Ten","Madison, WI",43.074761,-89.3837613
"317","missouri state bears","tcu horned frogs",0,0,1,"Missouri Valley","Springfield, Missouri",37.2081729,-93.2922715,"Big 12","Fort Worth, TX",32.753177,-97.3327459
"318","missouri state bears","unlv rebels",0,0,1,"Missouri Valley","Springfield, Missouri",37.2081729,-93.2922715,"Mountain West","Las Vegas[n 29], NV",36.1672559,-115.148516
"319","missouri tigers","smu mustangs",0,0,1,"SEC","Columbia, MO",38.951883,-92.3337366,"American","Dallas[n 23], TX",32.7762719,-96.7968559
"320","missouri tigers","syracuse orange",0,0,1,"SEC","Columbia, MO",38.951883,-92.3337366,"ACC","Syracuse, NY",43.0481221,-76.1474244
"321","missouri tigers","toledo rockets",0,0,1,"SEC","Columbia, MO",38.951883,-92.3337366,"MAC","Toledo, OH",41.6529143,-83.5378173
"322","montana state bobcats","california golden bears",0,0,1,"Big Sky","Bozeman, Montana",45.6794293,-111.044047,"Pac-12[n 6]","Berkeley, CA",37.8708393,-122.272863
"323","montana state bobcats","ucla bruins",0,0,1,"Big Sky","Bozeman, Montana",45.6794293,-111.044047,"Pac-12[n 19]","Los Angeles, CA",34.0536909,-118.242766
"324","nc state wolfpack","california golden bears",0,0,1,"ACC","Raleigh, NC",35.7803977,-78.6390989,"Pac-12[n 6]","Berkeley, CA",37.8708393,-122.272863
"325","nebraska cornhuskers","kansas jayhawks",0,0,1,"Big Ten","Lincoln, NE",40.8088861,-96.7077751,"Big 12","Lawrence, KS",38.9719384,-95.2359496
"326","nebraska cornhuskers","syracuse orange",0,0,1,"Big Ten","Lincoln, NE",40.8088861,-96.7077751,"ACC","Syracuse, NY",43.0481221,-76.1474244
"327","nevada wolf pack","arizona state sun devils",0,0,1,"Mountain West","Reno, NV",39.5261206,-119.8126581,"Pac-12[n 3]","Tempe, AZ",33.4255117,-111.9400164
"328","nevada wolf pack","oregon state beavers",0,0,1,"Mountain West","Reno, NV",39.5261206,-119.8126581,"Pac-12","Corvallis, OR",44.5645659,-123.2620435
"329","new mexico lobos","houston cougars",0,0,1,"Mountain West","Albuquerque, NM",35.0841034,-106.650985,"Big 12","Houston, TX",29.7589382,-95.3676974
"330","new mexico state aggies","arizona state sun devils",0,0,1,"C-USA","Las Cruces, NM",32.3140354,-106.779807,"Pac-12[n 3]","Tempe, AZ",33.4255117,-111.9400164
"331","north carolina central eagles","maryland terrapins",0,0,1,"MEAC","Durham, North Carolina",35.996653,-78.9018053,"Big Ten","College Park, MD",38.980666,-76.9369189
"332","north carolina tar heels","east carolina pirates",0,0,2,"ACC","Chapel Hill, NC",35.9131542,-79.05578,"American","Greenville, NC",35.613224,-77.3724593
"333","north carolina tar heels","kentucky wildcats",0,0,1,"ACC","Chapel Hill, NC",35.9131542,-79.05578,"SEC","Lexington, KY",38.0464066,-84.4970393
"334","north carolina tar heels","louisville cardinals",0,0,1,"ACC","Chapel Hill, NC",35.9131542,-79.05578,"ACC","Louisville, KY",38.2542376,-85.759407
"335","north carolina tar heels","michigan state spartans",0,0,1,"ACC","Chapel Hill, NC",35.9131542,-79.05578,"Big Ten","East Lansing, MI",42.7320307,-84.4721678
"336","north texas mean green","arkansas razorbacks",0,0,1,"American","Denton, TX",33.1838787,-97.1413417,"SEC","Fayetteville, AR",36.0625843,-94.1574328
"337","north texas mean green","baylor bears",0,0,1,"American","Denton, TX",33.1838787,-97.1413417,"Big 12","Waco, TX",31.5491899,-97.1474628
"338","north texas mean green","smu mustangs",0,0,1,"American","Denton, TX",33.1838787,-97.1413417,"American","Dallas[n 23], TX",32.7762719,-96.7968559
"339","northern illinois huskies","wyoming cowboys",0,0,1,"MAC","DeKalb, IL",41.8903447,-88.7713953,"Mountain West","Laramie, WY",41.311367,-105.591101
"340","northwestern wildcats","auburn tigers",0,0,1,"Big Ten","Evanston, IL",42.0470043,-87.6846053,"SEC","Auburn, AL",32.6405377,-85.4626848
"341","northwestern wildcats","missouri tigers",0,0,1,"Big Ten","Evanston, IL",42.0470043,-87.6846053,"SEC","Columbia, MO",38.951883,-92.3337366
"342","northwestern wildcats","ohio state buckeyes",0,0,1,"Big Ten","Evanston, IL",42.0470043,-87.6846053,"Big Ten","Columbus, OH",39.9622601,-83.0007065
"343","notre dame fighting irish","arizona state sun devils",0,0,1,"Independent","South Bend, IN",41.6833813,-86.2500066,"Pac-12[n 3]","Tempe, AZ",33.4255117,-111.9400164
"344","notre dame fighting irish","coastal carolina chanticleers",0,0,1,"Independent","South Bend, IN",41.6833813,-86.2500066,"Sun Belt","Conway, SC",33.8360035,-79.0478143
"345","notre dame fighting irish","nebraska cornhuskers",0,0,1,"Independent","South Bend, IN",41.6833813,-86.2500066,"Big Ten","Lincoln, NE",40.8088861,-96.7077751
"346","notre dame fighting irish","ohio state buckeyes",0,0,1,"Independent","South Bend, IN",41.6833813,-86.2500066,"Big Ten","Columbus, OH",39.9622601,-83.0007065
"347","notre dame fighting irish","smu mustangs",0,0,1,"Independent","South Bend, IN",41.6833813,-86.2500066,"American","Dallas[n 23], TX",32.7762719,-96.7968559
"348","notre dame fighting irish","vanderbilt commodores",0,0,1,"Independent","South Bend, IN",41.6833813,-86.2500066,"SEC","Nashville, TN",36.1622767,-86.7742984
"349","ohio bobcats","wisconsin badgers",0,0,1,"MAC","Athens, OH",39.355589,-82.0610404,"Big Ten","Madison, WI",43.074761,-89.3837613
"350","ohio state buckeyes","iowa hawkeyes",0,0,1,"Big Ten","Columbus, OH",39.9622601,-83.0007065,"Big Ten","Iowa City, IA",41.6612561,-91.5299106
"351","ohio state buckeyes","kentucky wildcats",0,0,2,"Big Ten","Columbus, OH",39.9622601,-83.0007065,"SEC","Lexington, KY",38.0464066,-84.4970393
"352","ohio state buckeyes","lsu tigers",0,0,1,"Big Ten","Columbus, OH",39.9622601,-83.0007065,"SEC","Baton Rouge, LA",30.4494155,-91.1869659
"353","ohio state buckeyes","memphis tigers",0,0,1,"Big Ten","Columbus, OH",39.9622601,-83.0007065,"American","Memphis, TN",35.1460249,-90.0517638
"354","ohio state buckeyes","michigan state spartans",0,0,2,"Big Ten","Columbus, OH",39.9622601,-83.0007065,"Big Ten","East Lansing, MI",42.7320307,-84.4721678
"355","ohio state buckeyes","northern illinois huskies",0,0,1,"Big Ten","Columbus, OH",39.9622601,-83.0007065,"MAC","DeKalb, IL",41.8903447,-88.7713953
"356","oklahoma sooners","arizona state sun devils",0,0,1,"Big 12[n 17]","Norman, OK",35.2225717,-97.4394816,"Pac-12[n 3]","Tempe, AZ",33.4255117,-111.9400164
"357","oklahoma sooners","houston cougars",0,0,1,"Big 12[n 17]","Norman, OK",35.2225717,-97.4394816,"Big 12","Houston, TX",29.7589382,-95.3676974
"358","oklahoma sooners","south alabama jaguars",0,0,1,"Big 12[n 17]","Norman, OK",35.2225717,-97.4394816,"Sun Belt","Mobile, AL",30.6913462,-88.0437509
"359","oklahoma state cowboys","baylor bears",0,0,1,"Big 12","Stillwater, OK",36.1156306,-97.0585717,"Big 12","Waco, TX",31.5491899,-97.1474628
"360","oklahoma state cowboys","byu cougars",0,0,1,"Big 12","Stillwater, OK",36.1156306,-97.0585717,"Big 12","Provo, UT",40.2337289,-111.6587085
"361","oklahoma state cowboys","washington huskies",0,0,1,"Big 12","Stillwater, OK",36.1156306,-97.0585717,"Pac-12[n 19]","Seattle, WA",47.6038321,-122.330062
"362","old dominion monarchs","colorado buffaloes",0,0,1,"Sun Belt","Norfolk, VA",36.8448348,-76.2863999,"Pac-12[n 3]","Boulder, CO",40.0149856,-105.270545
"363","old dominion monarchs","nc state wolfpack",0,0,1,"Sun Belt","Norfolk, VA",36.8448348,-76.2863999,"ACC","Raleigh, NC",35.7803977,-78.6390989
"364","old dominion monarchs","virginia tech hokies",0,0,1,"Sun Belt","Norfolk, VA",36.8448348,-76.2863999,"ACC","Blacksburg, VA",37.2296566,-80.4136767
"365","old dominion monarchs","western michigan broncos",0,0,1,"Sun Belt","Norfolk, VA",36.8448348,-76.2863999,"MAC","Kalamazoo, MI",42.291707,-85.5872286
"366","ole miss rebels","illinois fighting illini",0,0,1,"SEC","University[n 18], MS",43.7978613,-79.3919089889469,"Big Ten","Urbana–Champaign[n 11], IL",40.1117174,-88.207301
"367","ole miss rebels","south carolina gamecocks",0,0,1,"SEC","University[n 18], MS",43.7978613,-79.3919089889469,"SEC","Columbia, SC",34.0003117,-81.0331309
"368","oregon ducks","arizona state sun devils",0,0,1,"Pac-12[n 19]","Eugene, OR",44.0505054,-123.0950506,"Pac-12[n 3]","Tempe, AZ",33.4255117,-111.9400164
"369","oregon ducks","byu cougars",0,0,1,"Pac-12[n 19]","Eugene, OR",44.0505054,-123.0950506,"Big 12","Provo, UT",40.2337289,-111.6587085
"370","oregon ducks","san diego state aztecs",0,0,1,"Pac-12[n 19]","Eugene, OR",44.0505054,-123.0950506,"Mountain West","San Diego, CA",32.7174202,-117.1627728
"371","oregon ducks","texas tech red raiders",0,0,1,"Pac-12[n 19]","Eugene, OR",44.0505054,-123.0950506,"Big 12","Lubbock, TX",33.5855677,-101.8470215
"372","oregon ducks","ucla bruins",0,0,2,"Pac-12[n 19]","Eugene, OR",44.0505054,-123.0950506,"Pac-12[n 19]","Los Angeles, CA",34.0536909,-118.242766
"373","oregon state beavers","california golden bears",0,0,1,"Pac-12","Corvallis, OR",44.5645659,-123.2620435,"Pac-12[n 6]","Berkeley, CA",37.8708393,-122.272863
"374","oregon state beavers","tcu horned frogs",0,0,1,"Pac-12","Corvallis, OR",44.5645659,-123.2620435,"Big 12","Fort Worth, TX",32.753177,-97.3327459
"375","penn state nittany lions","boston college eagles",0,0,1,"Big Ten","University Park[n 20], PA",34.7406465,-86.6230495,"ACC","Chestnut Hill, MA",42.3306529,-71.1661647
"376","penn state nittany lions","florida state seminoles",0,0,1,"Big Ten","University Park[n 20], PA",34.7406465,-86.6230495,"ACC","Tallahassee, FL",30.4380832,-84.2809332
"377","penn state nittany lions","mississippi state bulldogs",0,0,1,"Big Ten","University Park[n 20], PA",34.7406465,-86.6230495,"SEC","Mississippi State[n 14], MS",30.3818646,-89.0439248
"378","pittsburgh panthers","arkansas razorbacks",0,0,1,"ACC","Pittsburgh[n 21], PA",40.4416941,-79.9900861,"SEC","Fayetteville, AR",36.0625843,-94.1574328
"379","pittsburgh panthers","georgia southern eagles",0,0,1,"ACC","Pittsburgh[n 21], PA",40.4416941,-79.9900861,"Sun Belt","Statesboro, GA",32.4490141,-81.7832912
"380","purdue boilermakers","auburn tigers",0,0,1,"Big Ten","West Lafayette, IN",40.4258686,-86.9080655,"SEC","Auburn, AL",32.6405377,-85.4626848
"381","purdue boilermakers","louisville cardinals",0,0,2,"Big Ten","West Lafayette, IN",40.4258686,-86.9080655,"ACC","Louisville, KY",38.2542376,-85.759407
"382","purdue boilermakers","ucla bruins",0,0,1,"Big Ten","West Lafayette, IN",40.4258686,-86.9080655,"Pac-12[n 19]","Los Angeles, CA",34.0536909,-118.242766
"383","rhode island rams","notre dame fighting irish",0,0,1,"CAA","Kingston, Rhode Island",41.4801166,-71.5227103,"Independent","South Bend, IN",41.6833813,-86.2500066
"384","richmond spiders","charlotte 49ers",0,0,1,"CAA","Richmond, Virginia",37.5385087,-77.43428,"American","Charlotte, NC",35.2272086,-80.8430827
"385","sacramento state hornets","arizona state sun devils",0,0,1,"Big Sky","Sacramento, California",38.5810606,-121.493895,"Pac-12[n 3]","Tempe, AZ",33.4255117,-111.9400164
"386","sacred heart pioneers","ball state cardinals",0,0,1,"Northeast","Fairfield, Connecticut",41.1412078,-73.2637258,"MAC","Muncie, IN",40.1936892,-85.3865271
"387","san diego state aztecs","california golden bears",0,0,1,"Mountain West","San Diego, CA",32.7174202,-117.1627728,"Pac-12[n 6]","Berkeley, CA",37.8708393,-122.272863
"388","san diego state aztecs","texas tech red raiders",0,0,1,"Mountain West","San Diego, CA",32.7174202,-117.1627728,"Big 12","Lubbock, TX",33.5855677,-101.8470215
"389","south carolina gamecocks","syracuse orange",0,0,1,"SEC","Columbia, SC",34.0003117,-81.0331309,"ACC","Syracuse, NY",43.0481221,-76.1474244
"390","south carolina state bulldogs","east carolina pirates",0,0,1,"MEAC","Orangeburg, South Carolina",33.4918203,-80.8556476,"American","Greenville, NC",35.613224,-77.3724593
"391","stanford cardinal","duke blue devils",0,0,1,"Pac-12[n 6]","Stanford[n 25], CA",37.427467,-122.1702445,"ACC","Durham, NC",35.996653,-78.9018053
"392","stanford cardinal","iowa state cyclones",0,0,1,"Pac-12[n 6]","Stanford[n 25], CA",37.427467,-122.1702445,"Big 12","Ames, IA",42.0267567,-93.6170448
"393","stanford cardinal","louisville cardinals",0,0,1,"Pac-12[n 6]","Stanford[n 25], CA",37.427467,-122.1702445,"ACC","Louisville, KY",38.2542376,-85.759407
"394","stanford cardinal","smu mustangs",0,0,1,"Pac-12[n 6]","Stanford[n 25], CA",37.427467,-122.1702445,"American","Dallas[n 23], TX",32.7762719,-96.7968559
"395","stanford cardinal","texas longhorns",0,0,1,"Pac-12[n 6]","Stanford[n 25], CA",37.427467,-122.1702445,"Big 12[n 17]","Austin, TX",30.2711286,-97.7436995
"396","stanford cardinal","utah utes",0,0,1,"Pac-12[n 6]","Stanford[n 25], CA",37.427467,-122.1702445,"Pac-12[n 3]","Salt Lake City, UT",40.7596198,-111.886797
"397","syracuse orange","south carolina gamecocks",0,0,1,"ACC","Syracuse, NY",43.0481221,-76.1474244,"SEC","Columbia, SC",34.0003117,-81.0331309
"398","syracuse orange","texas tech red raiders",0,0,1,"ACC","Syracuse, NY",43.0481221,-76.1474244,"Big 12","Lubbock, TX",33.5855677,-101.8470215
"399","tcu horned frogs","california golden bears",0,0,1,"Big 12","Fort Worth, TX",32.753177,-97.3327459,"Pac-12[n 6]","Berkeley, CA",37.8708393,-122.272863
"400","tcu horned frogs","marshall thundering herd",0,0,1,"Big 12","Fort Worth, TX",32.753177,-97.3327459,"Sun Belt","Huntington, WV",38.4192496,-82.445154
"401","tcu horned frogs","mississippi state bulldogs",0,0,1,"Big 12","Fort Worth, TX",32.753177,-97.3327459,"SEC","Mississippi State[n 14], MS",30.3818646,-89.0439248
"402","tcu horned frogs","smu mustangs",0,0,1,"Big 12","Fort Worth, TX",32.753177,-97.3327459,"American","Dallas[n 23], TX",32.7762719,-96.7968559
"403","temple owls","cincinnati bearcats",0,0,1,"American","Philadelphia[n 26], PA",39.9527237,-75.1635262,"Big 12","Cincinnati, OH",39.1014537,-84.5124602
"404","temple owls","wisconsin badgers",0,0,1,"American","Philadelphia[n 26], PA",39.9527237,-75.1635262,"Big Ten","Madison, WI",43.074761,-89.3837613
"405","tennessee state tigers","west virginia mountaineers",0,0,1,"Big South-OVC","Nashville, Tennessee",36.1622767,-86.7742984,"Big 12","Morgantown, WV",39.6296809,-79.9559437
"406","texas longhorns","houston cougars",0,0,1,"Big 12[n 17]","Austin, TX",30.2711286,-97.7436995,"Big 12","Houston, TX",29.7589382,-95.3676974
"407","texas longhorns","oregon ducks",0,0,1,"Big 12[n 17]","Austin, TX",30.2711286,-97.7436995,"Pac-12[n 19]","Eugene, OR",44.0505054,-123.0950506
"408","texas longhorns","san diego state aztecs",0,0,1,"Big 12[n 17]","Austin, TX",30.2711286,-97.7436995,"Mountain West","San Diego, CA",32.7174202,-117.1627728
"409","texas longhorns","smu mustangs",0,0,1,"Big 12[n 17]","Austin, TX",30.2711286,-97.7436995,"American","Dallas[n 23], TX",32.7762719,-96.7968559
"410","texas state bobcats","ball state cardinals",0,0,1,"Sun Belt","San Marcos, TX",29.8826436,-97.9405828,"MAC","Muncie, IN",40.1936892,-85.3865271
"411","texas state bobcats","kansas jayhawks",0,0,1,"Sun Belt","San Marcos, TX",29.8826436,-97.9405828,"Big 12","Lawrence, KS",38.9719384,-95.2359496
"412","texas state bobcats","oklahoma sooners",0,0,1,"Sun Belt","San Marcos, TX",29.8826436,-97.9405828,"Big 12[n 17]","Norman, OK",35.2225717,-97.4394816
"413","texas state bobcats","oklahoma state cowboys",0,0,1,"Sun Belt","San Marcos, TX",29.8826436,-97.9405828,"Big 12","Stillwater, OK",36.1156306,-97.0585717
"414","texas state bobcats","ucf knights",0,0,1,"Sun Belt","San Marcos, TX",29.8826436,-97.9405828,"Big 12","Orlando[n 27], FL",28.5421109,-81.3790304
"415","towson tigers","missouri tigers",0,0,1,"CAA","Towson, Maryland",39.39645905,-76.6148148179099,"SEC","Columbia, MO",38.951883,-92.3337366
"416","tulsa golden hurricane","oklahoma state cowboys",0,0,2,"American","Tulsa, OK",36.1563122,-95.9927516,"Big 12","Stillwater, OK",36.1156306,-97.0585717
"417","uab blazers","alabama crimson tide",0,0,1,"American","Birmingham, AL",33.5206824,-86.8024326,"SEC","Tuscaloosa, AL",33.2095614,-87.5675258
"418","uab blazers","south carolina gamecocks",0,0,1,"American","Birmingham, AL",33.5206824,-86.8024326,"SEC","Columbia, SC",34.0003117,-81.0331309
"419","ucla bruins","mississippi state bulldogs",0,0,1,"Pac-12[n 19]","Los Angeles, CA",34.0536909,-118.242766,"SEC","Mississippi State[n 14], MS",30.3818646,-89.0439248
"420","unlv rebels","byu cougars",0,0,1,"Mountain West","Las Vegas[n 29], NV",36.1672559,-115.148516,"Big 12","Provo, UT",40.2337289,-111.6587085
"421","unlv rebels","california golden bears",0,0,1,"Mountain West","Las Vegas[n 29], NV",36.1672559,-115.148516,"Pac-12[n 6]","Berkeley, CA",37.8708393,-122.272863
"422","usc trojans","arizona state sun devils",0,0,1,"Pac-12[n 19]","Los Angeles, CA",34.0536909,-118.242766,"Pac-12[n 3]","Tempe, AZ",33.4255117,-111.9400164
"423","usc trojans","pittsburgh panthers",0,0,1,"Pac-12[n 19]","Los Angeles, CA",34.0536909,-118.242766,"ACC","Pittsburgh[n 21], PA",40.4416941,-79.9900861
"424","usc trojans","tulsa golden hurricane",0,0,1,"Pac-12[n 19]","Los Angeles, CA",34.0536909,-118.242766,"American","Tulsa, OK",36.1563122,-95.9927516
"425","utah state aggies","baylor bears",0,0,1,"Mountain West","Logan, UT",41.7313063,-111.834914,"Big 12","Waco, TX",31.5491899,-97.1474628
"426","utah state aggies","byu cougars",0,0,1,"Mountain West","Logan, UT",41.7313063,-111.834914,"Big 12","Provo, UT",40.2337289,-111.6587085
"427","utah utes","byu cougars",0,0,1,"Pac-12[n 3]","Salt Lake City, UT",40.7596198,-111.886797,"Big 12","Provo, UT",40.2337289,-111.6587085
"428","utah utes","oregon state beavers",0,0,1,"Pac-12[n 3]","Salt Lake City, UT",40.7596198,-111.886797,"Pac-12","Corvallis, OR",44.5645659,-123.2620435
"429","vanderbilt commodores","ohio bobcats",0,0,1,"SEC","Nashville, TN",36.1622767,-86.7742984,"MAC","Athens, OH",39.355589,-82.0610404
"430","virginia cavaliers","iowa hawkeyes",0,0,1,"ACC","Charlottesville, VA",38.029306,-78.4766781,"Big Ten","Iowa City, IA",41.6612561,-91.5299106
"431","virginia cavaliers","louisville cardinals",0,0,1,"ACC","Charlottesville, VA",38.029306,-78.4766781,"ACC","Louisville, KY",38.2542376,-85.759407
"432","virginia tech hokies","north carolina tar heels",0,0,1,"ACC","Blacksburg, VA",37.2296566,-80.4136767,"ACC","Chapel Hill, NC",35.9131542,-79.05578
"433","virginia tech hokies","western michigan broncos",0,0,1,"ACC","Blacksburg, VA",37.2296566,-80.4136767,"MAC","Kalamazoo, MI",42.291707,-85.5872286
"434","wagner seahawks","temple owls",0,0,1,"Northeast","New York, New York",40.7127281,-74.0060152,"American","Philadelphia[n 26], PA",39.9527237,-75.1635262
"435","wake forest demon deacons","indiana hoosiers",0,0,1,"ACC","Winston-Salem, NC",36.0998131,-80.2440518,"Big Ten","Bloomington, IN",39.1670396,-86.5342881
"436","washington huskies","colorado buffaloes",0,0,1,"Pac-12[n 19]","Seattle, WA",47.6038321,-122.330062,"Pac-12[n 3]","Boulder, CO",40.0149856,-105.270545
"437","washington huskies","san diego state aztecs",0,0,1,"Pac-12[n 19]","Seattle, WA",47.6038321,-122.330062,"Mountain West","San Diego, CA",32.7174202,-117.1627728
"438","west virginia mountaineers","houston cougars",0,0,1,"Big 12","Morgantown, WV",39.6296809,-79.9559437,"Big 12","Houston, TX",29.7589382,-95.3676974
"439","west virginia mountaineers","smu mustangs",0,0,1,"Big 12","Morgantown, WV",39.6296809,-79.9559437,"American","Dallas[n 23], TX",32.7762719,-96.7968559
"440","western kentucky hilltoppers","cincinnati bearcats",0,0,1,"C-USA","Bowling Green, KY",36.9903199,-86.4436018,"Big 12","Cincinnati, OH",39.1014537,-84.5124602
"441","western kentucky hilltoppers","nc state wolfpack",0,0,1,"C-USA","Bowling Green, KY",36.9903199,-86.4436018,"ACC","Raleigh, NC",35.7803977,-78.6390989
"442","western kentucky hilltoppers","south carolina gamecocks",0,0,1,"C-USA","Bowling Green, KY",36.9903199,-86.4436018,"SEC","Columbia, SC",34.0003117,-81.0331309
"443","western kentucky hilltoppers","texas tech red raiders",0,0,1,"C-USA","Bowling Green, KY",36.9903199,-86.4436018,"Big 12","Lubbock, TX",33.5855677,-101.8470215
"444","western michigan broncos","minnesota golden gophers",0,0,2,"MAC","Kalamazoo, MI",42.291707,-85.5872286,"Big Ten","Minneapolis, MN",44.9772995,-93.2654692
"445","wisconsin badgers","arizona state sun devils",0,0,1,"Big Ten","Madison, WI",43.074761,-89.3837613,"Pac-12[n 3]","Tempe, AZ",33.4255117,-111.9400164
"446","wisconsin badgers","kansas jayhawks",0,0,1,"Big Ten","Madison, WI",43.074761,-89.3837613,"Big 12","Lawrence, KS",38.9719384,-95.2359496
"447","wisconsin badgers","michigan state spartans",0,0,1,"Big Ten","Madison, WI",43.074761,-89.3837613,"Big Ten","East Lansing, MI",42.7320307,-84.4721678
"448","wyoming cowboys","oregon state beavers",0,0,1,"Mountain West","Laramie, WY",41.311367,-105.591101,"Pac-12","Corvallis, OR",44.5645659,-123.2620435
"449","yale bulldogs","south carolina gamecocks",0,0,1,"Ivy","New Haven, Connecticut",41.3082138,-72.9250518,"SEC","Columbia, SC",34.0003117,-81.0331309
